fecha_id,banco_id,tipo_credito_id,creditos_directos,morosidad_t,tasa_activa,morosidad,tasa_referencia,tipo_cambio,inflacion,morosidad_lag1,morosidad_lag2,creditos_directos_lag1,creditos_directos_lag2,tasa_activa_lag1,tasa_activa_lag2,tipo_cambio_lag1,tipo_cambio_lag2,tasa_referencia_lag1,tasa_referencia_lag2,inflacion_lag1,inflacion_lag2,riesgo_alto
2023-03,BBVA,Consumo,2901572.83279,2.6873821418888397,39.89,2.6873821418888397,7.75,3.77916086956522,8.40057400933134,2.992785742228884,2.917016583645418,2829879.95591,2747250.90261,39.22,39.23,3.84146,3.83380476190476,7.75,7.75,8.64592356025242,8.66426700097408,0
2023-04,BBVA,Consumo,2962435.73114,2.4866917758726284,39.86,2.4866917758726284,7.75,3.76545,7.9650458305066,2.6873821418888397,2.992785742228884,2901572.83279,2829879.95591,39.89,39.22,3.77916086956522,3.84146,7.75,7.75,8.40057400933134,8.64592356025242,0
2023-05,BBVA,Consumo,3045087.30392,2.459578130119318,39.64,2.459578130119318,7.75,3.68866818181818,7.89388564823743,2.4866917758726284,2.6873821418888397,2962435.73114,2901572.83279,39.86,39.89,3.76545,3.77916086956522,7.75,7.75,7.9650458305066,8.40057400933134,0
2023-06,BBVA,Consumo,3147335.80009,2.3624497942048364,39.82,2.3624497942048364,7.75,3.65041904761905,6.46149699198863,2.459578130119318,2.4866917758726284,3045087.30392,2962435.73114,39.64,39.86,3.68866818181818,3.76545,7.75,7.75,7.89388564823743,7.9650458305066,0
2023-07,BBVA,Consumo,3162676.6464,2.5063474576532343,40.22,2.5063474576532343,7.75,3.601255,5.88160145590039,2.3624497942048364,2.459578130119318,3147335.80009,3045087.30392,39.82,39.64,3.65041904761905,3.68866818181818,7.75,7.75,6.46149699198863,7.89388564823743,0
2023-08,BBVA,Consumo,3242788.95106,2.91074370890164,39.74,2.91074370890164,7.75,3.69776818181818,5.57614720330122,2.5063474576532343,2.3624497942048364,3162676.6464,3147335.80009,40.22,39.82,3.601255,3.65041904761905,7.75,7.75,5.88160145590039,6.46149699198863,0
2023-09,BBVA,Consumo,3278259.81295,2.895967303492802,41.77,2.895967303492802,7.5,3.73099523809524,5.04454594794186,2.91074370890164,2.5063474576532343,3242788.95106,3162676.6464,39.74,40.22,3.69776818181818,3.601255,7.75,7.75,5.57614720330122,5.88160145590039,0
2023-10,BBVA,Consumo,3365799.93213,3.164229860557953,43.25,3.164229860557953,7.25,3.84575909090909,4.34308132283159,2.895967303492802,2.91074370890164,3278259.81295,3242788.95106,41.77,39.74,3.73099523809524,3.69776818181818,7.5,7.75,5.04454594794186,5.57614720330122,0
2023-11,BBVA,Consumo,3404868.05205,3.3146020724454948,43.46,3.3146020724454948,7.0,3.76079523809524,3.63647512169549,3.164229860557953,2.895967303492802,3365799.93213,3278259.81295,43.25,41.77,3.84575909090909,3.73099523809524,7.25,7.5,4.34308132283159,5.04454594794186,1
2023-12,BBVA,Consumo,3415472.8642100003,3.3650677645120948,43.87,3.3650677645120948,6.75,3.73394210526316,3.23738256432406,3.3146020724454948,3.164229860557953,3404868.05205,3365799.93213,43.46,43.25,3.76079523809524,3.84575909090909,7.0,7.25,3.63647512169549,4.34308132283159,1
2024-01,BBVA,Consumo,3459557.5621100003,3.652190319074712,43.83,3.652190319074712,6.5,3.74074285714286,3.02392174826855,3.3650677645120948,3.3146020724454948,3415472.8642100003,3404868.05205,43.87,43.46,3.73394210526316,3.76079523809524,6.75,7.0,3.23738256432406,3.63647512169549,1
2024-02,BBVA,Consumo,3483822.28889,3.514831670970041,43.33,3.514831670970041,6.25,3.8279380952381,3.29406696032184,3.652190319074712,3.3650677645120948,3459557.5621100003,3415472.8642100003,43.83,43.87,3.74074285714286,3.73394210526316,6.5,6.75,3.02392174826855,3.23738256432406,1
2024-03,BBVA,Consumo,3445706.78793,3.140947064731664,43.17,3.140947064731664,6.25,3.70898947368421,3.04504592593905,3.514831670970041,3.652190319074712,3483822.28889,3459557.5621100003,43.33,43.83,3.8279380952381,3.74074285714286,6.25,6.5,3.29406696032184,3.02392174826855,0
2024-04,BBVA,Consumo,3479041.35149,3.2753737280221005,43.3,3.2753737280221005,6.0,3.71503181818182,2.42207617792805,3.140947064731664,3.514831670970041,3445706.78793,3483822.28889,43.17,43.33,3.70898947368421,3.8279380952381,6.25,6.25,3.04504592593905,3.29406696032184,1
2024-05,BBVA,Consumo,3462081.85823,3.3174126330208145,47.39,3.3174126330208145,5.75,3.73172727272727,2.00493835958688,3.2753737280221005,3.140947064731664,3479041.35149,3445706.78793,43.3,43.17,3.71503181818182,3.70898947368421,6.0,6.25,2.42207617792805,3.04504592593905,1
2024-06,BBVA,Consumo,3399990.91814,2.9747998682257624,48.58,2.9747998682257624,5.75,3.7867052631579,2.28538225698791,3.3174126330208145,3.2753737280221005,3462081.85823,3479041.35149,47.39,43.3,3.73172727272727,3.71503181818182,5.75,6.0,2.00493835958688,2.42207617792805,0
2024-07,BBVA,Consumo,3261243.0170500004,3.146082693225999,48.02,3.146082693225999,5.75,3.764135,2.1276637869709,2.9747998682257624,3.3174126330208145,3399990.91814,3462081.85823,48.58,47.39,3.7867052631579,3.73172727272727,5.75,5.75,2.28538225698791,2.00493835958688,0
2024-08,BBVA,Consumo,3229308.1652800003,2.761859232656609,47.35,2.761859232656609,5.5,3.74185,2.03409700303861,3.146082693225999,2.9747998682257624,3261243.0170500004,3399990.91814,48.02,48.58,3.764135,3.7867052631579,5.75,5.75,2.1276637869709,2.28538225698791,0
2024-09,BBVA,Consumo,3160765.07708,2.6821357487940083,46.23,2.6821357487940083,5.25,3.7689619047619,1.77501053596859,2.761859232656609,3.146082693225999,3229308.1652800003,3261243.0170500004,47.35,48.02,3.74185,3.764135,5.5,5.75,2.03409700303861,2.1276637869709,0
2024-10,BBVA,Consumo,3195279.4984,2.8460801972945604,43.85,2.8460801972945604,5.25,3.75436363636364,2.00918040984485,2.6821357487940083,2.761859232656609,3160765.07708,3229308.1652800003,46.23,47.35,3.7689619047619,3.74185,5.25,5.5,1.77501053596859,2.03409700303861,0
2024-11,BBVA,Consumo,3204172.79897,2.6513014355559936,44.53,2.6513014355559936,5.0,3.779135,2.27199072148831,2.8460801972945604,2.6821357487940083,3195279.4984,3160765.07708,43.85,46.23,3.75436363636364,3.7689619047619,5.25,5.25,2.00918040984485,1.77501053596859,0
2024-12,BBVA,Consumo,3250018.27744,2.85956148346232,47.48,2.85956148346232,5.0,3.73553684210526,1.96630270142824,2.6513014355559936,2.8460801972945604,3204172.79897,3195279.4984,44.53,43.85,3.779135,3.75436363636364,5.0,5.25,2.27199072148831,2.00918040984485,0
2025-01,BBVA,Consumo,3214326.35723,2.6443442115294555,49.33,2.6443442115294555,4.75,3.74692272727273,1.85158283440667,2.85956148346232,2.6513014355559936,3250018.27744,3204172.79897,47.48,44.53,3.73553684210526,3.779135,5.0,5.0,1.96630270142824,2.27199072148831,0
2025-02,BBVA,Consumo,3215710.32783,2.564626889659132,47.49,2.564626889659132,4.75,3.69685,1.4773290589483,2.6443442115294555,2.85956148346232,3214326.35723,3250018.27744,49.33,47.48,3.74692272727273,3.73553684210526,4.75,5.0,1.85158283440667,1.96630270142824,0
2025-03,BBVA,Consumo,3202689.57006,2.7026417497746555,45.49,2.7026417497746555,4.75,3.65248571428571,1.27718026977924,2.564626889659132,2.6443442115294555,3215710.32783,3214326.35723,47.49,49.33,3.69685,3.74692272727273,4.75,4.75,1.4773290589483,1.85158283440667,0
2025-04,BBVA,Consumo,3283184.9218800003,2.6547231850529087,46.23,2.6547231850529087,4.75,3.70003,1.65183401740204,2.7026417497746555,2.564626889659132,3202689.57006,3215710.32783,45.49,47.49,3.65248571428571,3.69685,4.75,4.75,1.27718026977924,1.4773290589483,0
2025-05,BBVA,Consumo,3347458.23862,2.7262395003575053,51.21,2.7262395003575053,4.5,3.65991428571429,1.68666289219268,2.6547231850529087,2.7026417497746555,3283184.9218800003,3202689.57006,46.23,45.49,3.70003,3.65248571428571,4.75,4.75,1.65183401740204,1.27718026977924,0
2025-06,BBVA,Consumo,3405385.3276,2.6674310748872374,51.77,2.6674310748872374,4.5,3.60219523809524,1.69370904576716,2.7262395003575053,2.6547231850529087,3347458.23862,3283184.9218800003,51.21,46.23,3.65991428571429,3.70003,4.5,4.75,1.68666289219268,1.65183401740204,0
2025-07,BBVA,Consumo,3447178.46956,2.757233035061375,50.33,2.757233035061375,4.5,3.556945,1.6888009685144,2.6674310748872374,2.7262395003575053,3405385.3276,3347458.23862,51.77,51.21,3.60219523809524,3.65991428571429,4.5,4.5,1.69370904576716,1.68666289219268,0
2025-08,BBVA,Consumo,3497066.56941,2.641636659078998,52.05,2.641636659078998,4.5,3.542385,1.10633077531991,2.757233035061375,2.6674310748872374,3447178.46956,3405385.3276,50.33,51.77,3.556945,3.60219523809524,4.5,4.5,1.6888009685144,1.69370904576716,0
2025-09,BBVA,Consumo,3528076.46687,2.5619572838631783,50.5,2.5619572838631783,4.25,3.50180454545455,1.35839342135424,2.641636659078998,2.757233035061375,3497066.56941,3447178.46956,52.05,50.33,3.542385,3.556945,4.5,4.5,1.10633077531991,1.6888009685144,0
2025-10,BBVA,Consumo,3608317.46217,2.456093749527786,48.42,2.456093749527786,4.25,3.41322727272727,1.35177475650182,2.5619572838631783,2.641636659078998,3528076.46687,3497066.56941,50.5,52.05,3.50180454545455,3.542385,4.25,4.5,1.35839342135424,1.10633077531991,0
2025-11,BBVA,Consumo,3654501.9638,2.46677144239261,50.89,2.46677144239261,4.25,3.37263,1.36861256988846,2.456093749527786,2.5619572838631783,3608317.46217,3528076.46687,48.42,50.5,3.41322727272727,3.50180454545455,4.25,4.25,1.35177475650182,1.35839342135424,0
2025-12,BBVA,Consumo,3695659.75949,2.977855157072163,51.48,2.977855157072163,4.25,3.36686315789474,1.50879973918667,2.46677144239261,2.456093749527786,3654501.9638,3608317.46217,50.89,48.42,3.37263,3.41322727272727,4.25,4.25,1.36861256988846,1.35177475650182,0
2023-03,BBVA,Hipotecario,14003647.725,2.253662794605773,9.87,2.253662794605773,7.75,3.77916086956522,8.40057400933134,2.235560360704348,2.275151571829891,13965028.572,13963968.845,9.74,9.65,3.84146,3.83380476190476,7.75,7.75,8.64592356025242,8.66426700097408,0
2023-04,BBVA,Hipotecario,13989574.14,2.2167185914797423,9.6,2.2167185914797423,7.75,3.76545,7.9650458305066,2.253662794605773,2.235560360704348,14003647.725,13965028.572,9.87,9.74,3.77916086956522,3.84146,7.75,7.75,8.40057400933134,8.64592356025242,0
2023-05,BBVA,Hipotecario,14029588.084,2.3136742287320398,9.48,2.3136742287320398,7.75,3.68866818181818,7.89388564823743,2.2167185914797423,2.253662794605773,13989574.14,14003647.725,9.6,9.87,3.76545,3.77916086956522,7.75,7.75,7.9650458305066,8.40057400933134,1
2023-06,BBVA,Hipotecario,14081804.755,2.2872490657586515,9.17,2.2872490657586515,7.75,3.65041904761905,6.46149699198863,2.3136742287320398,2.2167185914797423,14029588.084,13989574.14,9.48,9.6,3.68866818181818,3.76545,7.75,7.75,7.89388564823743,7.9650458305066,0
2023-07,BBVA,Hipotecario,14131740.663,2.298039827839154,9.05,2.298039827839154,7.75,3.601255,5.88160145590039,2.2872490657586515,2.3136742287320398,14081804.755,14029588.084,9.17,9.48,3.65041904761905,3.68866818181818,7.75,7.75,6.46149699198863,7.89388564823743,0
2023-08,BBVA,Hipotecario,14222939.28,2.4474894621936816,9.0,2.4474894621936816,7.75,3.69776818181818,5.57614720330122,2.298039827839154,2.2872490657586515,14131740.663,14081804.755,9.05,9.17,3.601255,3.65041904761905,7.75,7.75,5.88160145590039,6.46149699198863,1
2023-09,BBVA,Hipotecario,14419096.692,2.4292682585624634,8.83,2.4292682585624634,7.5,3.73099523809524,5.04454594794186,2.4474894621936816,2.298039827839154,14222939.28,14131740.663,9.0,9.05,3.69776818181818,3.601255,7.75,7.75,5.57614720330122,5.88160145590039,1
2023-10,BBVA,Hipotecario,14564103.787,2.4997494620160947,8.64,2.4997494620160947,7.25,3.84575909090909,4.34308132283159,2.4292682585624634,2.4474894621936816,14419096.692,14222939.28,8.83,9.0,3.73099523809524,3.69776818181818,7.5,7.75,5.04454594794186,5.57614720330122,1
2023-11,BBVA,Hipotecario,14671194.881,2.3591132330944635,8.56,2.3591132330944635,7.0,3.76079523809524,3.63647512169549,2.4997494620160947,2.4292682585624634,14564103.787,14419096.692,8.64,8.83,3.84575909090909,3.73099523809524,7.25,7.5,4.34308132283159,5.04454594794186,1
2023-12,BBVA,Hipotecario,14768114.498,2.058897709749608,8.53,2.058897709749608,6.75,3.73394210526316,3.23738256432406,2.3591132330944635,2.4997494620160947,14671194.881,14564103.787,8.56,8.64,3.76079523809524,3.84575909090909,7.0,7.25,3.63647512169549,4.34308132283159,0
2024-01,BBVA,Hipotecario,14873153.123,2.093979520021568,8.41,2.093979520021568,6.5,3.74074285714286,3.02392174826855,2.058897709749608,2.3591132330944635,14768114.498,14671194.881,8.53,8.56,3.73394210526316,3.76079523809524,6.75,7.0,3.23738256432406,3.63647512169549,0
2024-02,BBVA,Hipotecario,14975176.202,2.100371386284814,8.3,2.100371386284814,6.25,3.8279380952381,3.29406696032184,2.093979520021568,2.058897709749608,14873153.123,14768114.498,8.41,8.53,3.74074285714286,3.73394210526316,6.5,6.75,3.02392174826855,3.23738256432406,0
2024-03,BBVA,Hipotecario,15115815.523,2.079111765473173,8.3,2.079111765473173,6.25,3.70898947368421,3.04504592593905,2.100371386284814,2.093979520021568,14975176.202,14873153.123,8.3,8.41,3.8279380952381,3.74074285714286,6.25,6.5,3.29406696032184,3.02392174826855,0
2024-04,BBVA,Hipotecario,15221396.208,2.257667092166871,8.17,2.257667092166871,6.0,3.71503181818182,2.42207617792805,2.079111765473173,2.100371386284814,15115815.523,14975176.202,8.3,8.3,3.70898947368421,3.8279380952381,6.25,6.25,3.04504592593905,3.29406696032184,0
2024-05,BBVA,Hipotecario,15359523.298,2.3069517890576146,8.06,2.3069517890576146,5.75,3.73172727272727,2.00493835958688,2.257667092166871,2.079111765473173,15221396.208,15115815.523,8.17,8.3,3.71503181818182,3.70898947368421,6.0,6.25,2.42207617792805,3.04504592593905,1
2024-06,BBVA,Hipotecario,15596546.449,2.127591995358098,8.07,2.127591995358098,5.75,3.7867052631579,2.28538225698791,2.3069517890576146,2.257667092166871,15359523.298,15221396.208,8.06,8.17,3.73172727272727,3.71503181818182,5.75,6.0,2.00493835958688,2.42207617792805,0
2024-07,BBVA,Hipotecario,15558162.443,2.236441356655574,8.14,2.236441356655574,5.75,3.764135,2.1276637869709,2.127591995358098,2.3069517890576146,15596546.449,15359523.298,8.07,8.06,3.7867052631579,3.73172727272727,5.75,5.75,2.28538225698791,2.00493835958688,0
2024-08,BBVA,Hipotecario,15722651.048,2.1888040430058604,8.14,2.1888040430058604,5.5,3.74185,2.03409700303861,2.236441356655574,2.127591995358098,15558162.443,15596546.449,8.14,8.07,3.764135,3.7867052631579,5.75,5.75,2.1276637869709,2.28538225698791,0
2024-09,BBVA,Hipotecario,15868288.64,2.1396302499230604,8.01,2.1396302499230604,5.25,3.7689619047619,1.77501053596859,2.1888040430058604,2.236441356655574,15722651.048,15558162.443,8.14,8.14,3.74185,3.764135,5.5,5.75,2.03409700303861,2.1276637869709,0
2024-10,BBVA,Hipotecario,16102898.271,2.154075340283821,7.87,2.154075340283821,5.25,3.75436363636364,2.00918040984485,2.1396302499230604,2.1888040430058604,15868288.64,15722651.048,8.01,8.14,3.7689619047619,3.74185,5.25,5.5,1.77501053596859,2.03409700303861,0
2024-11,BBVA,Hipotecario,16296958.548,2.081688328508856,7.72,2.081688328508856,5.0,3.779135,2.27199072148831,2.154075340283821,2.1396302499230604,16102898.271,15868288.64,7.87,8.01,3.75436363636364,3.7689619047619,5.25,5.25,2.00918040984485,1.77501053596859,0
2024-12,BBVA,Hipotecario,16389250.846,2.0455557098199946,7.66,2.0455557098199946,5.0,3.73553684210526,1.96630270142824,2.081688328508856,2.154075340283821,16296958.548,16102898.271,7.72,7.87,3.779135,3.75436363636364,5.0,5.25,2.27199072148831,2.00918040984485,0
2025-01,BBVA,Hipotecario,16515422.173,2.077434198064399,7.6,2.077434198064399,4.75,3.74692272727273,1.85158283440667,2.0455557098199946,2.081688328508856,16389250.846,16296958.548,7.66,7.72,3.73553684210526,3.779135,5.0,5.0,1.96630270142824,2.27199072148831,0
2025-02,BBVA,Hipotecario,16741306.098,1.9637068531341904,7.62,1.9637068531341904,4.75,3.69685,1.4773290589483,2.077434198064399,2.0455557098199946,16515422.173,16389250.846,7.6,7.66,3.74692272727273,3.73553684210526,4.75,5.0,1.85158283440667,1.96630270142824,0
2025-03,BBVA,Hipotecario,16948407.728,2.0138520365917323,7.53,2.0138520365917323,4.75,3.65248571428571,1.27718026977924,1.9637068531341904,2.077434198064399,16741306.098,16515422.173,7.62,7.6,3.69685,3.74692272727273,4.75,4.75,1.4773290589483,1.85158283440667,0
2025-04,BBVA,Hipotecario,17095937.379,1.9024208392485664,7.44,1.9024208392485664,4.75,3.70003,1.65183401740204,2.0138520365917323,1.9637068531341904,16948407.728,16741306.098,7.53,7.62,3.65248571428571,3.69685,4.75,4.75,1.27718026977924,1.4773290589483,0
2025-05,BBVA,Hipotecario,17040255.189,1.934515069155017,7.44,1.934515069155017,4.5,3.65991428571429,1.68666289219268,1.9024208392485664,2.0138520365917323,17095937.379,16948407.728,7.44,7.53,3.70003,3.65248571428571,4.75,4.75,1.65183401740204,1.27718026977924,0
2025-06,BBVA,Hipotecario,17147155.114,1.8442202846188809,7.54,1.8442202846188809,4.5,3.60219523809524,1.69370904576716,1.934515069155017,1.9024208392485664,17040255.189,17095937.379,7.44,7.44,3.65991428571429,3.70003,4.5,4.75,1.68666289219268,1.65183401740204,0
2025-07,BBVA,Hipotecario,17189712.898,1.8441965338051056,7.63,1.8441965338051056,4.5,3.556945,1.6888009685144,1.8442202846188809,1.934515069155017,17147155.114,17040255.189,7.54,7.44,3.60219523809524,3.65991428571429,4.5,4.5,1.69370904576716,1.68666289219268,0
2025-08,BBVA,Hipotecario,17325775.854,1.8244463246008549,7.74,1.8244463246008549,4.5,3.542385,1.10633077531991,1.8441965338051056,1.8442202846188809,17189712.898,17147155.114,7.63,7.54,3.556945,3.60219523809524,4.5,4.5,1.6888009685144,1.69370904576716,0
2025-09,BBVA,Hipotecario,17444902.474,1.7769222419461257,7.77,1.7769222419461257,4.25,3.50180454545455,1.35839342135424,1.8244463246008549,1.8441965338051056,17325775.854,17189712.898,7.74,7.63,3.542385,3.556945,4.5,4.5,1.10633077531991,1.6888009685144,0
2025-10,BBVA,Hipotecario,17586785.38,1.7765075556349788,7.75,1.7765075556349788,4.25,3.41322727272727,1.35177475650182,1.7769222419461257,1.8244463246008549,17444902.474,17325775.854,7.77,7.74,3.50180454545455,3.542385,4.25,4.5,1.35839342135424,1.10633077531991,0
2025-11,BBVA,Hipotecario,17778528.724,1.6896155530530472,7.72,1.6896155530530472,4.25,3.37263,1.36861256988846,1.7765075556349788,1.7769222419461257,17586785.38,17444902.474,7.75,7.77,3.41322727272727,3.50180454545455,4.25,4.25,1.35177475650182,1.35839342135424,0
2025-12,BBVA,Hipotecario,17785996.223,1.694524198079441,7.69,1.694524198079441,4.25,3.36686315789474,1.50879973918667,1.6896155530530472,1.7765075556349788,17778528.724,17586785.38,7.72,7.75,3.37263,3.41322727272727,4.25,4.25,1.36861256988846,1.35177475650182,0
2023-03,BCP,Consumo,5259008.94487,2.7991232788497324,44.57,2.7991232788497324,7.75,3.77916086956522,8.40057400933134,2.5654559166517785,2.588294293727074,5195120.182510001,5103129.36461,44.18,44.75,3.84146,3.83380476190476,7.75,7.75,8.64592356025242,8.66426700097408,0
2023-04,BCP,Consumo,5294606.06517,2.8860990592387856,45.44,2.8860990592387856,7.75,3.76545,7.9650458305066,2.7991232788497324,2.5654559166517785,5259008.94487,5195120.182510001,44.57,44.18,3.77916086956522,3.84146,7.75,7.75,8.40057400933134,8.64592356025242,0
2023-05,BCP,Consumo,5392898.04823,3.2298492422899496,48.62,3.2298492422899496,7.75,3.68866818181818,7.89388564823743,2.8860990592387856,2.7991232788497324,5294606.06517,5259008.94487,45.44,44.57,3.76545,3.77916086956522,7.75,7.75,7.9650458305066,8.40057400933134,0
2023-06,BCP,Consumo,5454703.31668,3.2768551616907877,48.56,3.2768551616907877,7.75,3.65041904761905,6.46149699198863,3.2298492422899496,2.8860990592387856,5392898.04823,5294606.06517,48.62,45.44,3.68866818181818,3.76545,7.75,7.75,7.89388564823743,7.9650458305066,0
2023-07,BCP,Consumo,5484891.968640001,3.463362810927992,48.7,3.463362810927992,7.75,3.601255,5.88160145590039,3.2768551616907877,3.2298492422899496,5454703.31668,5392898.04823,48.56,48.62,3.65041904761905,3.68866818181818,7.75,7.75,6.46149699198863,7.89388564823743,0
2023-08,BCP,Consumo,5539740.10295,3.543267902987012,49.39,3.543267902987012,7.75,3.69776818181818,5.57614720330122,3.463362810927992,3.2768551616907877,5484891.968640001,5454703.31668,48.7,48.56,3.601255,3.65041904761905,7.75,7.75,5.88160145590039,6.46149699198863,0
2023-09,BCP,Consumo,5477722.99834,3.614603187283152,52.82,3.614603187283152,7.5,3.73099523809524,5.04454594794186,3.543267902987012,3.463362810927992,5539740.10295,5484891.968640001,49.39,48.7,3.69776818181818,3.601255,7.75,7.75,5.57614720330122,5.88160145590039,0
2023-10,BCP,Consumo,5606334.879989999,3.7399998917518538,54.64,3.7399998917518538,7.25,3.84575909090909,4.34308132283159,3.614603187283152,3.543267902987012,5477722.99834,5539740.10295,52.82,49.39,3.73099523809524,3.69776818181818,7.5,7.75,5.04454594794186,5.57614720330122,0
2023-11,BCP,Consumo,5662123.6954,3.6812110305614993,54.59,3.6812110305614993,7.0,3.76079523809524,3.63647512169549,3.7399998917518538,3.614603187283152,5606334.879989999,5477722.99834,54.64,52.82,3.84575909090909,3.73099523809524,7.25,7.5,4.34308132283159,5.04454594794186,0
2023-12,BCP,Consumo,5604847.429649999,3.840199904767815,55.15,3.840199904767815,6.75,3.73394210526316,3.23738256432406,3.6812110305614993,3.7399998917518538,5662123.6954,5606334.879989999,54.59,54.64,3.76079523809524,3.84575909090909,7.0,7.25,3.63647512169549,4.34308132283159,0
2024-01,BCP,Consumo,5689597.82476,3.955649430013339,57.91,3.955649430013339,6.5,3.74074285714286,3.02392174826855,3.840199904767815,3.6812110305614993,5604847.429649999,5662123.6954,55.15,54.59,3.73394210526316,3.76079523809524,6.75,7.0,3.23738256432406,3.63647512169549,0
2024-02,BCP,Consumo,5643169.85648,3.768928647315204,57.81,3.768928647315204,6.25,3.8279380952381,3.29406696032184,3.955649430013339,3.840199904767815,5689597.82476,5604847.429649999,57.91,55.15,3.74074285714286,3.73394210526316,6.5,6.75,3.02392174826855,3.23738256432406,0
2024-03,BCP,Consumo,5509732.44883,3.978665425126689,57.43,3.978665425126689,6.25,3.70898947368421,3.04504592593905,3.768928647315204,3.955649430013339,5643169.85648,5689597.82476,57.81,57.91,3.8279380952381,3.74074285714286,6.25,6.5,3.29406696032184,3.02392174826855,0
2024-04,BCP,Consumo,5550686.01628,4.112970804550734,57.95,4.112970804550734,6.0,3.71503181818182,2.42207617792805,3.978665425126689,3.768928647315204,5509732.44883,5643169.85648,57.43,57.81,3.70898947368421,3.8279380952381,6.25,6.25,3.04504592593905,3.29406696032184,1
2024-05,BCP,Consumo,5589838.043810001,4.353841252577306,57.05,4.353841252577306,5.75,3.73172727272727,2.00493835958688,4.112970804550734,3.978665425126689,5550686.01628,5509732.44883,57.95,57.43,3.71503181818182,3.70898947368421,6.0,6.25,2.42207617792805,3.04504592593905,1
2024-06,BCP,Consumo,5590749.52562,4.358348202403871,56.15,4.358348202403871,5.75,3.7867052631579,2.28538225698791,4.353841252577306,4.112970804550734,5589838.043810001,5550686.01628,57.05,57.95,3.73172727272727,3.71503181818182,5.75,6.0,2.00493835958688,2.42207617792805,1
2024-07,BCP,Consumo,5523597.19276,4.359234934410653,57.16,4.359234934410653,5.75,3.764135,2.1276637869709,4.358348202403871,4.353841252577306,5590749.52562,5589838.043810001,56.15,57.05,3.7867052631579,3.73172727272727,5.75,5.75,2.28538225698791,2.00493835958688,1
2024-08,BCP,Consumo,5441294.01036,4.216723377077476,58.12,4.216723377077476,5.5,3.74185,2.03409700303861,4.359234934410653,4.358348202403871,5523597.19276,5590749.52562,57.16,56.15,3.764135,3.7867052631579,5.75,5.75,2.1276637869709,2.28538225698791,1
2024-09,BCP,Consumo,5453598.06713,3.989595322118959,57.56,3.989595322118959,5.25,3.7689619047619,1.77501053596859,4.216723377077476,4.359234934410653,5441294.01036,5523597.19276,58.12,57.16,3.74185,3.764135,5.5,5.75,2.03409700303861,2.1276637869709,0
2024-10,BCP,Consumo,5565259.49408,4.033947474809891,55.68,4.033947474809891,5.25,3.75436363636364,2.00918040984485,3.989595322118959,4.216723377077476,5453598.06713,5441294.01036,57.56,58.12,3.7689619047619,3.74185,5.25,5.5,1.77501053596859,2.03409700303861,1
2024-11,BCP,Consumo,5583313.1760100005,3.425726737168073,56.52,3.425726737168073,5.0,3.779135,2.27199072148831,4.033947474809891,3.989595322118959,5565259.49408,5453598.06713,55.68,57.56,3.75436363636364,3.7689619047619,5.25,5.25,2.00918040984485,1.77501053596859,0
2024-12,BCP,Consumo,5668735.47535,3.33530100647274,56.68,3.33530100647274,5.0,3.73553684210526,1.96630270142824,3.425726737168073,4.033947474809891,5583313.1760100005,5565259.49408,56.52,55.68,3.779135,3.75436363636364,5.0,5.25,2.27199072148831,2.00918040984485,0
2025-01,BCP,Consumo,5635323.35332,3.345475101161825,58.2,3.345475101161825,4.75,3.74692272727273,1.85158283440667,3.33530100647274,3.425726737168073,5668735.47535,5583313.1760100005,56.68,56.52,3.73553684210526,3.779135,5.0,5.0,1.96630270142824,2.27199072148831,0
2025-02,BCP,Consumo,5657237.69999,3.2804766752566183,57.54,3.2804766752566183,4.75,3.69685,1.4773290589483,3.345475101161825,3.33530100647274,5635323.35332,5668735.47535,58.2,56.68,3.74692272727273,3.73553684210526,4.75,5.0,1.85158283440667,1.96630270142824,0
2025-03,BCP,Consumo,5649768.76262,3.380732168982739,57.53,3.380732168982739,4.75,3.65248571428571,1.27718026977924,3.2804766752566183,3.345475101161825,5657237.69999,5635323.35332,57.54,58.2,3.69685,3.74692272727273,4.75,4.75,1.4773290589483,1.85158283440667,0
2025-04,BCP,Consumo,5700270.692810001,3.3590956598648893,57.67,3.3590956598648893,4.75,3.70003,1.65183401740204,3.380732168982739,3.2804766752566183,5649768.76262,5657237.69999,57.53,57.54,3.65248571428571,3.69685,4.75,4.75,1.27718026977924,1.4773290589483,0
2025-05,BCP,Consumo,5705507.62717,3.4711233938985973,58.73,3.4711233938985973,4.5,3.65991428571429,1.68666289219268,3.3590956598648893,3.380732168982739,5700270.692810001,5649768.76262,57.67,57.53,3.70003,3.65248571428571,4.75,4.75,1.65183401740204,1.27718026977924,0
2025-06,BCP,Consumo,5819219.27275,3.365399527870705,58.49,3.365399527870705,4.5,3.60219523809524,1.69370904576716,3.4711233938985973,3.3590956598648893,5705507.62717,5700270.692810001,58.73,57.67,3.65991428571429,3.70003,4.5,4.75,1.68666289219268,1.65183401740204,0
2025-07,BCP,Consumo,5863909.00193,3.3599820078933607,57.36,3.3599820078933607,4.5,3.556945,1.6888009685144,3.365399527870705,3.4711233938985973,5819219.27275,5705507.62717,58.49,58.73,3.60219523809524,3.65991428571429,4.5,4.5,1.69370904576716,1.68666289219268,0
2025-08,BCP,Consumo,5899217.709609999,3.1648372138699115,59.69,3.1648372138699115,4.5,3.542385,1.10633077531991,3.3599820078933607,3.365399527870705,5863909.00193,5819219.27275,57.36,58.49,3.556945,3.60219523809524,4.5,4.5,1.6888009685144,1.69370904576716,0
2025-09,BCP,Consumo,5969351.71449,3.133539255669235,58.83,3.133539255669235,4.25,3.50180454545455,1.35839342135424,3.1648372138699115,3.3599820078933607,5899217.709609999,5863909.00193,59.69,57.36,3.542385,3.556945,4.5,4.5,1.10633077531991,1.6888009685144,0
2025-10,BCP,Consumo,6074867.75245,3.0823006380887783,58.47,3.0823006380887783,4.25,3.41322727272727,1.35177475650182,3.133539255669235,3.1648372138699115,5969351.71449,5899217.709609999,58.83,59.69,3.50180454545455,3.542385,4.25,4.5,1.35839342135424,1.10633077531991,0
2025-11,BCP,Consumo,6119044.575680001,3.12281244867798,59.71,3.12281244867798,4.25,3.37263,1.36861256988846,3.0823006380887783,3.133539255669235,6074867.75245,5969351.71449,58.47,58.83,3.41322727272727,3.50180454545455,4.25,4.25,1.35177475650182,1.35839342135424,0
2025-12,BCP,Consumo,6152507.866359999,3.0538519414189857,60.45,3.0538519414189857,4.25,3.36686315789474,1.50879973918667,3.12281244867798,3.0823006380887783,6119044.575680001,6074867.75245,59.71,58.47,3.37263,3.41322727272727,4.25,4.25,1.36861256988846,1.35177475650182,0
2023-03,BCP,Hipotecario,19550161.194,2.488414793375327,9.87,2.488414793375327,7.75,3.77916086956522,8.40057400933134,2.701427031185907,2.6593795164184573,19478553.558,19405108.931,9.82,9.49,3.84146,3.83380476190476,7.75,7.75,8.64592356025242,8.66426700097408,0
2023-04,BCP,Hipotecario,19614743.947,2.526662582772748,9.77,2.526662582772748,7.75,3.76545,7.9650458305066,2.488414793375327,2.701427031185907,19550161.194,19478553.558,9.87,9.82,3.77916086956522,3.84146,7.75,7.75,8.40057400933134,8.64592356025242,0
2023-05,BCP,Hipotecario,19660484.555,2.64738199632442,9.66,2.64738199632442,7.75,3.68866818181818,7.89388564823743,2.526662582772748,2.488414793375327,19614743.947,19550161.194,9.77,9.87,3.76545,3.77916086956522,7.75,7.75,7.9650458305066,8.40057400933134,0
2023-06,BCP,Hipotecario,19724812.755,2.660870906720497,9.58,2.660870906720497,7.75,3.65041904761905,6.46149699198863,2.64738199632442,2.526662582772748,19660484.555,19614743.947,9.66,9.77,3.68866818181818,3.76545,7.75,7.75,7.89388564823743,7.9650458305066,0
2023-07,BCP,Hipotecario,19703297.604,2.7043994600893844,9.36,2.7043994600893844,7.75,3.601255,5.88160145590039,2.660870906720497,2.64738199632442,19724812.755,19660484.555,9.58,9.66,3.65041904761905,3.68866818181818,7.75,7.75,6.46149699198863,7.89388564823743,0
2023-08,BCP,Hipotecario,19817543.134,2.7385903921873886,9.3,2.7385903921873886,7.75,3.69776818181818,5.57614720330122,2.7043994600893844,2.660870906720497,19703297.604,19724812.755,9.36,9.58,3.601255,3.65041904761905,7.75,7.75,5.88160145590039,6.46149699198863,0
2023-09,BCP,Hipotecario,20014496.995,2.727362224298982,9.24,2.727362224298982,7.5,3.73099523809524,5.04454594794186,2.7385903921873886,2.7043994600893844,19817543.134,19703297.604,9.3,9.36,3.69776818181818,3.601255,7.75,7.75,5.57614720330122,5.88160145590039,0
2023-10,BCP,Hipotecario,20114708.402,2.772117341116213,9.17,2.772117341116213,7.25,3.84575909090909,4.34308132283159,2.727362224298982,2.7385903921873886,20014496.995,19817543.134,9.24,9.3,3.73099523809524,3.69776818181818,7.5,7.75,5.04454594794186,5.57614720330122,0
2023-11,BCP,Hipotecario,20149695.967,2.7577436801644626,9.44,2.7577436801644626,7.0,3.76079523809524,3.63647512169549,2.772117341116213,2.727362224298982,20114708.402,20014496.995,9.17,9.24,3.84575909090909,3.73099523809524,7.25,7.5,4.34308132283159,5.04454594794186,0
2023-12,BCP,Hipotecario,20214134.46,2.7083596429563546,9.77,2.7083596429563546,6.75,3.73394210526316,3.23738256432406,2.7577436801644626,2.772117341116213,20149695.967,20114708.402,9.44,9.17,3.76079523809524,3.84575909090909,7.0,7.25,3.63647512169549,4.34308132283159,0
2024-01,BCP,Hipotecario,20271209.581,2.729395060209246,9.6,2.729395060209246,6.5,3.74074285714286,3.02392174826855,2.7083596429563546,2.7577436801644626,20214134.46,20149695.967,9.77,9.44,3.73394210526316,3.76079523809524,6.75,7.0,3.23738256432406,3.63647512169549,0
2024-02,BCP,Hipotecario,20355445.771,2.7749008854459034,9.23,2.7749008854459034,6.25,3.8279380952381,3.29406696032184,2.729395060209246,2.7083596429563546,20271209.581,20214134.46,9.6,9.77,3.74074285714286,3.73394210526316,6.5,6.75,3.02392174826855,3.23738256432406,0
2024-03,BCP,Hipotecario,20326241.829,2.927338769027885,9.18,2.927338769027885,6.25,3.70898947368421,3.04504592593905,2.7749008854459034,2.729395060209246,20355445.771,20271209.581,9.23,9.6,3.8279380952381,3.74074285714286,6.25,6.5,3.29406696032184,3.02392174826855,0
2024-04,BCP,Hipotecario,20409198.361,2.9452422417623905,9.08,2.9452422417623905,6.0,3.71503181818182,2.42207617792805,2.927338769027885,2.7749008854459034,20326241.829,20355445.771,9.18,9.23,3.70898947368421,3.8279380952381,6.25,6.25,3.04504592593905,3.29406696032184,0
2024-05,BCP,Hipotecario,20466155.713,2.95235061337035,9.25,2.95235061337035,5.75,3.73172727272727,2.00493835958688,2.9452422417623905,2.927338769027885,20409198.361,20326241.829,9.08,9.18,3.71503181818182,3.70898947368421,6.0,6.25,2.42207617792805,3.04504592593905,1
2024-06,BCP,Hipotecario,20702207.887,2.973718120321371,9.49,2.973718120321371,5.75,3.7867052631579,2.28538225698791,2.95235061337035,2.9452422417623905,20466155.713,20409198.361,9.25,9.08,3.73172727272727,3.71503181818182,5.75,6.0,2.00493835958688,2.42207617792805,1
2024-07,BCP,Hipotecario,20576137.932,3.0319313183096805,9.23,3.0319313183096805,5.75,3.764135,2.1276637869709,2.973718120321371,2.95235061337035,20702207.887,20466155.713,9.49,9.25,3.7867052631579,3.73172727272727,5.75,5.75,2.28538225698791,2.00493835958688,1
2024-08,BCP,Hipotecario,20653978.249,2.979728474653486,9.17,2.979728474653486,5.5,3.74185,2.03409700303861,3.0319313183096805,2.973718120321371,20576137.932,20702207.887,9.23,9.49,3.764135,3.7867052631579,5.75,5.75,2.1276637869709,2.28538225698791,1
2024-09,BCP,Hipotecario,20747034.437,3.010409445136996,9.03,3.010409445136996,5.25,3.7689619047619,1.77501053596859,2.979728474653486,3.0319313183096805,20653978.249,20576137.932,9.17,9.23,3.74185,3.764135,5.5,5.75,2.03409700303861,2.1276637869709,1
2024-10,BCP,Hipotecario,20906015.087,2.9680905861291724,8.77,2.9680905861291724,5.25,3.75436363636364,2.00918040984485,3.010409445136996,2.979728474653486,20747034.437,20653978.249,9.03,9.17,3.7689619047619,3.74185,5.25,5.5,1.77501053596859,2.03409700303861,1
2024-11,BCP,Hipotecario,20965326.134,2.948511317662658,8.6,2.948511317662658,5.0,3.779135,2.27199072148831,2.9680905861291724,3.010409445136996,20906015.087,20747034.437,8.77,9.03,3.75436363636364,3.7689619047619,5.25,5.25,2.00918040984485,1.77501053596859,0
2024-12,BCP,Hipotecario,21020643.542,2.756576960329827,8.67,2.756576960329827,5.0,3.73553684210526,1.96630270142824,2.948511317662658,2.9680905861291724,20965326.134,20906015.087,8.6,8.77,3.779135,3.75436363636364,5.0,5.25,2.27199072148831,2.00918040984485,0
2025-01,BCP,Hipotecario,21086232.852,2.7127819110277627,8.76,2.7127819110277627,4.75,3.74692272727273,1.85158283440667,2.756576960329827,2.948511317662658,21020643.542,20965326.134,8.67,8.6,3.73553684210526,3.779135,5.0,5.0,1.96630270142824,2.27199072148831,0
2025-02,BCP,Hipotecario,21181829.676,2.7237703033580014,8.73,2.7237703033580014,4.75,3.69685,1.4773290589483,2.7127819110277627,2.756576960329827,21086232.852,21020643.542,8.76,8.67,3.74692272727273,3.73553684210526,4.75,5.0,1.85158283440667,1.96630270142824,0
2025-03,BCP,Hipotecario,21286150.629,2.793314517874097,8.62,2.793314517874097,4.75,3.65248571428571,1.27718026977924,2.7237703033580014,2.7127819110277627,21181829.676,21086232.852,8.73,8.76,3.69685,3.74692272727273,4.75,4.75,1.4773290589483,1.85158283440667,0
2025-04,BCP,Hipotecario,21648865.322,2.71507858625726,8.22,2.71507858625726,4.75,3.70003,1.65183401740204,2.793314517874097,2.7237703033580014,21286150.629,21181829.676,8.62,8.73,3.65248571428571,3.69685,4.75,4.75,1.27718026977924,1.4773290589483,0
2025-05,BCP,Hipotecario,21817640.908,2.8021326108076416,7.81,2.8021326108076416,4.5,3.65991428571429,1.68666289219268,2.71507858625726,2.793314517874097,21648865.322,21286150.629,8.22,8.62,3.70003,3.65248571428571,4.75,4.75,1.65183401740204,1.27718026977924,0
2025-06,BCP,Hipotecario,21980343.743,2.787263666284891,7.91,2.787263666284891,4.5,3.60219523809524,1.69370904576716,2.8021326108076416,2.71507858625726,21817640.908,21648865.322,7.81,8.22,3.65991428571429,3.70003,4.5,4.75,1.68666289219268,1.65183401740204,0
2025-07,BCP,Hipotecario,22133358.139,2.743093287543207,8.01,2.743093287543207,4.5,3.556945,1.6888009685144,2.787263666284891,2.8021326108076416,21980343.743,21817640.908,7.91,7.81,3.60219523809524,3.65991428571429,4.5,4.5,1.69370904576716,1.68666289219268,0
2025-08,BCP,Hipotecario,22329995.116,2.7121146340240223,8.03,2.7121146340240223,4.5,3.542385,1.10633077531991,2.743093287543207,2.787263666284891,22133358.139,21980343.743,8.01,7.91,3.556945,3.60219523809524,4.5,4.5,1.6888009685144,1.69370904576716,0
2025-09,BCP,Hipotecario,22540696.709,2.7169224793506306,8.05,2.7169224793506306,4.25,3.50180454545455,1.35839342135424,2.7121146340240223,2.743093287543207,22329995.116,22133358.139,8.03,8.01,3.542385,3.556945,4.5,4.5,1.10633077531991,1.6888009685144,0
2025-10,BCP,Hipotecario,22701093.796,2.7195726034197008,8.04,2.7195726034197008,4.25,3.41322727272727,1.35177475650182,2.7169224793506306,2.7121146340240223,22540696.709,22329995.116,8.05,8.03,3.50180454545455,3.542385,4.25,4.5,1.35839342135424,1.10633077531991,0
2025-11,BCP,Hipotecario,22841590.581,2.6964927190478094,8.03,2.6964927190478094,4.25,3.37263,1.36861256988846,2.7195726034197008,2.7169224793506306,22701093.796,22540696.709,8.04,8.05,3.41322727272727,3.50180454545455,4.25,4.25,1.35177475650182,1.35839342135424,0
2025-12,BCP,Hipotecario,22990821.331,2.636517293793655,8.08,2.636517293793655,4.25,3.36686315789474,1.50879973918667,2.6964927190478094,2.7195726034197008,22841590.581,22701093.796,8.03,8.04,3.37263,3.41322727272727,4.25,4.25,1.36861256988846,1.35177475650182,0
2023-03,Interbank,Consumo,3163471.6761,2.9447688067478173,57.71,2.9447688067478173,7.75,3.77916086956522,8.40057400933134,3.239040029038646,3.262398058184975,3060412.8598,3024349.42121,56.45,56.25,3.84146,3.83380476190476,7.75,7.75,8.64592356025242,8.66426700097408,0
2023-04,Interbank,Consumo,3180136.13543,2.9077191327958567,57.81,2.9077191327958567,7.75,3.76545,7.9650458305066,2.9447688067478173,3.239040029038646,3163471.6761,3060412.8598,57.71,56.45,3.77916086956522,3.84146,7.75,7.75,8.40057400933134,8.64592356025242,0
2023-05,Interbank,Consumo,3248980.06599,2.918072713025278,61.31,2.918072713025278,7.75,3.68866818181818,7.89388564823743,2.9077191327958567,2.9447688067478173,3180136.13543,3163471.6761,57.81,57.71,3.76545,3.77916086956522,7.75,7.75,7.9650458305066,8.40057400933134,0
2023-06,Interbank,Consumo,3296895.19414,2.840940639263548,62.0,2.840940639263548,7.75,3.65041904761905,6.46149699198863,2.918072713025278,2.9077191327958567,3248980.06599,3180136.13543,61.31,57.81,3.68866818181818,3.76545,7.75,7.75,7.89388564823743,7.9650458305066,0
2023-07,Interbank,Consumo,3236642.28069,3.2898925711702445,62.46,3.2898925711702445,7.75,3.601255,5.88160145590039,2.840940639263548,2.918072713025278,3296895.19414,3248980.06599,62.0,61.31,3.65041904761905,3.68866818181818,7.75,7.75,6.46149699198863,7.89388564823743,0
2023-08,Interbank,Consumo,3231370.95268,3.760851736719972,62.9,3.760851736719972,7.75,3.69776818181818,5.57614720330122,3.2898925711702445,2.840940639263548,3236642.28069,3296895.19414,62.46,62.0,3.601255,3.65041904761905,7.75,7.75,5.88160145590039,6.46149699198863,0
2023-09,Interbank,Consumo,3123969.30522,3.801261749568252,62.14,3.801261749568252,7.5,3.73099523809524,5.04454594794186,3.760851736719972,3.2898925711702445,3231370.95268,3236642.28069,62.9,62.46,3.69776818181818,3.601255,7.75,7.75,5.57614720330122,5.88160145590039,0
2023-10,Interbank,Consumo,3059384.26995,4.359300286290792,63.19,4.359300286290792,7.25,3.84575909090909,4.34308132283159,3.801261749568252,3.760851736719972,3123969.30522,3231370.95268,62.14,62.9,3.73099523809524,3.69776818181818,7.5,7.75,5.04454594794186,5.57614720330122,0
2023-11,Interbank,Consumo,2969369.4605,4.475537876652111,66.2,4.475537876652111,7.0,3.76079523809524,3.63647512169549,4.359300286290792,3.801261749568252,3059384.26995,3123969.30522,63.19,62.14,3.84575909090909,3.73099523809524,7.25,7.5,4.34308132283159,5.04454594794186,0
2023-12,Interbank,Consumo,2886601.8342600004,4.676811122878092,65.89,4.676811122878092,6.75,3.73394210526316,3.23738256432406,4.475537876652111,4.359300286290792,2969369.4605,3059384.26995,66.2,63.19,3.76079523809524,3.84575909090909,7.0,7.25,3.63647512169549,4.34308132283159,1
2024-01,Interbank,Consumo,2799648.5374000003,4.869209138671564,65.77,4.869209138671564,6.5,3.74074285714286,3.02392174826855,4.676811122878092,4.475537876652111,2886601.8342600004,2969369.4605,65.89,66.2,3.73394210526316,3.76079523809524,6.75,7.0,3.23738256432406,3.63647512169549,1
2024-02,Interbank,Consumo,2754471.72868,4.702385734194252,63.7,4.702385734194252,6.25,3.8279380952381,3.29406696032184,4.869209138671564,4.676811122878092,2799648.5374000003,2886601.8342600004,65.77,65.89,3.74074285714286,3.73394210526316,6.5,6.75,3.02392174826855,3.23738256432406,1
2024-03,Interbank,Consumo,2684835.8955,4.889577580052356,63.09,4.889577580052356,6.25,3.70898947368421,3.04504592593905,4.702385734194252,4.869209138671564,2754471.72868,2799648.5374000003,63.7,65.77,3.8279380952381,3.74074285714286,6.25,6.5,3.29406696032184,3.02392174826855,1
2024-04,Interbank,Consumo,2702053.15601,4.807694669413468,63.86,4.807694669413468,6.0,3.71503181818182,2.42207617792805,4.889577580052356,4.702385734194252,2684835.8955,2754471.72868,63.09,63.7,3.70898947368421,3.8279380952381,6.25,6.25,3.04504592593905,3.29406696032184,1
2024-05,Interbank,Consumo,2726912.34594,4.74879608125952,63.71,4.74879608125952,5.75,3.73172727272727,2.00493835958688,4.807694669413468,4.889577580052356,2702053.15601,2684835.8955,63.86,63.09,3.71503181818182,3.70898947368421,6.0,6.25,2.42207617792805,3.04504592593905,1
2024-06,Interbank,Consumo,2711863.67574,4.530000054593832,64.63,4.530000054593832,5.75,3.7867052631579,2.28538225698791,4.74879608125952,4.807694669413468,2726912.34594,2702053.15601,63.71,63.86,3.73172727272727,3.71503181818182,5.75,6.0,2.00493835958688,2.42207617792805,0
2024-07,Interbank,Consumo,2644514.9028000003,4.345119945921542,65.82,4.345119945921542,5.75,3.764135,2.1276637869709,4.530000054593832,4.74879608125952,2711863.67574,2726912.34594,64.63,63.71,3.7867052631579,3.73172727272727,5.75,5.75,2.28538225698791,2.00493835958688,0
2024-08,Interbank,Consumo,2643134.91666,4.194394292602179,65.57,4.194394292602179,5.5,3.74185,2.03409700303861,4.345119945921542,4.530000054593832,2644514.9028000003,2711863.67574,65.82,64.63,3.764135,3.7867052631579,5.75,5.75,2.1276637869709,2.28538225698791,0
2024-09,Interbank,Consumo,2596765.49586,3.977563500472697,63.89,3.977563500472697,5.25,3.7689619047619,1.77501053596859,4.194394292602179,4.345119945921542,2643134.91666,2644514.9028000003,65.57,65.82,3.74185,3.764135,5.5,5.75,2.03409700303861,2.1276637869709,0
2024-10,Interbank,Consumo,2649515.4741700003,3.740891153032976,60.92,3.740891153032976,5.25,3.75436363636364,2.00918040984485,3.977563500472697,4.194394292602179,2596765.49586,2643134.91666,63.89,65.57,3.7689619047619,3.74185,5.25,5.5,1.77501053596859,2.03409700303861,0
2024-11,Interbank,Consumo,2645563.27274,3.3231712919554046,61.76,3.3231712919554046,5.0,3.779135,2.27199072148831,3.740891153032976,3.977563500472697,2649515.4741700003,2596765.49586,60.92,63.89,3.75436363636364,3.7689619047619,5.25,5.25,2.00918040984485,1.77501053596859,0
2024-12,Interbank,Consumo,2718955.1612,3.5318746603119933,61.89,3.5318746603119933,5.0,3.73553684210526,1.96630270142824,3.3231712919554046,3.740891153032976,2645563.27274,2649515.4741700003,61.76,60.92,3.779135,3.75436363636364,5.0,5.25,2.27199072148831,2.00918040984485,0
2025-01,Interbank,Consumo,2675743.17299,3.599425249532044,62.72,3.599425249532044,4.75,3.74692272727273,1.85158283440667,3.5318746603119933,3.3231712919554046,2718955.1612,2645563.27274,61.89,61.76,3.73553684210526,3.779135,5.0,5.0,1.96630270142824,2.27199072148831,0
2025-02,Interbank,Consumo,2690560.31338,3.2653319327381385,61.18,3.2653319327381385,4.75,3.69685,1.4773290589483,3.599425249532044,3.5318746603119933,2675743.17299,2718955.1612,62.72,61.89,3.74692272727273,3.73553684210526,4.75,5.0,1.85158283440667,1.96630270142824,0
2025-03,Interbank,Consumo,2692658.23629,3.384742327214875,60.03,3.384742327214875,4.75,3.65248571428571,1.27718026977924,3.2653319327381385,3.599425249532044,2690560.31338,2675743.17299,61.18,62.72,3.69685,3.74692272727273,4.75,4.75,1.4773290589483,1.85158283440667,0
2025-04,Interbank,Consumo,2721816.6582600004,3.422385132025556,59.07,3.422385132025556,4.75,3.70003,1.65183401740204,3.384742327214875,3.2653319327381385,2692658.23629,2690560.31338,60.03,61.18,3.65248571428571,3.69685,4.75,4.75,1.27718026977924,1.4773290589483,0
2025-05,Interbank,Consumo,2718964.31855,3.501626886633122,59.46,3.501626886633122,4.5,3.65991428571429,1.68666289219268,3.422385132025556,3.384742327214875,2721816.6582600004,2692658.23629,59.07,60.03,3.70003,3.65248571428571,4.75,4.75,1.65183401740204,1.27718026977924,0
2025-06,Interbank,Consumo,2727991.55828,3.419811152656254,58.97,3.419811152656254,4.5,3.60219523809524,1.69370904576716,3.501626886633122,3.422385132025556,2718964.31855,2721816.6582600004,59.46,59.07,3.65991428571429,3.70003,4.5,4.75,1.68666289219268,1.65183401740204,0
2025-07,Interbank,Consumo,2736995.12714,3.361069019016352,56.57,3.361069019016352,4.5,3.556945,1.6888009685144,3.419811152656254,3.501626886633122,2727991.55828,2718964.31855,58.97,59.46,3.60219523809524,3.65991428571429,4.5,4.5,1.69370904576716,1.68666289219268,0
2025-08,Interbank,Consumo,2764028.92716,3.2605939088347613,57.35,3.2605939088347613,4.5,3.542385,1.10633077531991,3.361069019016352,3.419811152656254,2736995.12714,2727991.55828,56.57,58.97,3.556945,3.60219523809524,4.5,4.5,1.6888009685144,1.69370904576716,0
2025-09,Interbank,Consumo,2756458.60869,3.21609784509862,57.52,3.21609784509862,4.25,3.50180454545455,1.35839342135424,3.2605939088347613,3.361069019016352,2764028.92716,2736995.12714,57.35,56.57,3.542385,3.556945,4.5,4.5,1.10633077531991,1.6888009685144,0
2025-10,Interbank,Consumo,2815259.46405,3.219872639565363,56.55,3.219872639565363,4.25,3.41322727272727,1.35177475650182,3.21609784509862,3.2605939088347613,2756458.60869,2764028.92716,57.52,57.35,3.50180454545455,3.542385,4.25,4.5,1.35839342135424,1.10633077531991,0
2025-11,Interbank,Consumo,2837333.3094,2.992644696685564,56.72,2.992644696685564,4.25,3.37263,1.36861256988846,3.219872639565363,3.21609784509862,2815259.46405,2756458.60869,56.55,57.52,3.41322727272727,3.50180454545455,4.25,4.25,1.35177475650182,1.35839342135424,0
2025-12,Interbank,Consumo,2911604.03811,3.180592693624107,58.61,3.180592693624107,4.25,3.36686315789474,1.50879973918667,2.992644696685564,3.219872639565363,2837333.3094,2815259.46405,56.72,56.55,3.37263,3.41322727272727,4.25,4.25,1.36861256988846,1.35177475650182,0
2023-03,Interbank,Hipotecario,9143465.888,2.602389181982842,9.68,2.602389181982842,7.75,3.77916086956522,8.40057400933134,2.602747788056919,2.584511826120231,9104129.605,9066204.745,9.74,9.72,3.84146,3.83380476190476,7.75,7.75,8.64592356025242,8.66426700097408,0
2023-04,Interbank,Hipotecario,9193967.125,2.623717300591042,9.76,2.623717300591042,7.75,3.76545,7.9650458305066,2.602389181982842,2.602747788056919,9143465.888,9104129.605,9.68,9.74,3.77916086956522,3.84146,7.75,7.75,8.40057400933134,8.64592356025242,0
2023-05,Interbank,Hipotecario,9232013.59,2.736020588986152,9.8,2.736020588986152,7.75,3.68866818181818,7.89388564823743,2.623717300591042,2.602389181982842,9193967.125,9143465.888,9.76,9.68,3.76545,3.77916086956522,7.75,7.75,7.9650458305066,8.40057400933134,0
2023-06,Interbank,Hipotecario,9281402.394,2.7146955145964897,9.64,2.7146955145964897,7.75,3.65041904761905,6.46149699198863,2.736020588986152,2.623717300591042,9232013.59,9193967.125,9.8,9.76,3.68866818181818,3.76545,7.75,7.75,7.89388564823743,7.9650458305066,0
2023-07,Interbank,Hipotecario,9290006.499,2.7134850834639583,9.58,2.7134850834639583,7.75,3.601255,5.88160145590039,2.7146955145964897,2.736020588986152,9281402.394,9232013.59,9.64,9.8,3.65041904761905,3.68866818181818,7.75,7.75,6.46149699198863,7.89388564823743,0
2023-08,Interbank,Hipotecario,9347563.73,2.7392897164933823,9.42,2.7392897164933823,7.75,3.69776818181818,5.57614720330122,2.7134850834639583,2.7146955145964897,9290006.499,9281402.394,9.58,9.64,3.601255,3.65041904761905,7.75,7.75,5.88160145590039,6.46149699198863,0
2023-09,Interbank,Hipotecario,9427917.901,2.7714362024482933,9.19,2.7714362024482933,7.5,3.73099523809524,5.04454594794186,2.7392897164933823,2.7134850834639583,9347563.73,9290006.499,9.42,9.58,3.69776818181818,3.601255,7.75,7.75,5.57614720330122,5.88160145590039,0
2023-10,Interbank,Hipotecario,9489026.432,2.8035758200618988,9.06,2.8035758200618988,7.25,3.84575909090909,4.34308132283159,2.7714362024482933,2.7392897164933823,9427917.901,9347563.73,9.19,9.42,3.73099523809524,3.69776818181818,7.5,7.75,5.04454594794186,5.57614720330122,0
2023-11,Interbank,Hipotecario,9515734.213,2.85565221742914,9.05,2.85565221742914,7.0,3.76079523809524,3.63647512169549,2.8035758200618988,2.7714362024482933,9489026.432,9427917.901,9.06,9.19,3.84575909090909,3.73099523809524,7.25,7.5,4.34308132283159,5.04454594794186,0
2023-12,Interbank,Hipotecario,9547593.389,2.78906532704349,9.0,2.78906532704349,6.75,3.73394210526316,3.23738256432406,2.85565221742914,2.8035758200618988,9515734.213,9489026.432,9.05,9.06,3.76079523809524,3.84575909090909,7.0,7.25,3.63647512169549,4.34308132283159,0
2024-01,Interbank,Hipotecario,9567251.134,2.97505562892008,8.91,2.97505562892008,6.5,3.74074285714286,3.02392174826855,2.78906532704349,2.85565221742914,9547593.389,9515734.213,9.0,9.05,3.73394210526316,3.76079523809524,6.75,7.0,3.23738256432406,3.63647512169549,0
2024-02,Interbank,Hipotecario,9626488.301,2.9997849586264578,8.84,2.9997849586264578,6.25,3.8279380952381,3.29406696032184,2.97505562892008,2.78906532704349,9567251.134,9547593.389,8.91,9.0,3.74074285714286,3.73394210526316,6.5,6.75,3.02392174826855,3.23738256432406,0
2024-03,Interbank,Hipotecario,9686813.683,2.8768341634106176,8.68,2.8768341634106176,6.25,3.70898947368421,3.04504592593905,2.9997849586264578,2.97505562892008,9626488.301,9567251.134,8.84,8.91,3.8279380952381,3.74074285714286,6.25,6.5,3.29406696032184,3.02392174826855,0
2024-04,Interbank,Hipotecario,9725801.371,3.102911328469452,8.56,3.102911328469452,6.0,3.71503181818182,2.42207617792805,2.8768341634106176,2.9997849586264578,9686813.683,9626488.301,8.68,8.84,3.70898947368421,3.8279380952381,6.25,6.25,3.04504592593905,3.29406696032184,1
2024-05,Interbank,Hipotecario,9762275.434,3.155854657228326,8.59,3.155854657228326,5.75,3.73172727272727,2.00493835958688,3.102911328469452,2.8768341634106176,9725801.371,9686813.683,8.56,8.68,3.71503181818182,3.70898947368421,6.0,6.25,2.42207617792805,3.04504592593905,1
2024-06,Interbank,Hipotecario,9827622.968,3.0699478301144585,8.77,3.0699478301144585,5.75,3.7867052631579,2.28538225698791,3.155854657228326,3.102911328469452,9762275.434,9725801.371,8.59,8.56,3.73172727272727,3.71503181818182,5.75,6.0,2.00493835958688,2.42207617792805,1
2024-07,Interbank,Hipotecario,9891023.826,3.037058812109892,8.56,3.037058812109892,5.75,3.764135,2.1276637869709,3.0699478301144585,3.155854657228326,9827622.968,9762275.434,8.77,8.59,3.7867052631579,3.73172727272727,5.75,5.75,2.28538225698791,2.00493835958688,1
2024-08,Interbank,Hipotecario,9971943.597,2.9622186476105936,8.34,2.9622186476105936,5.5,3.74185,2.03409700303861,3.037058812109892,3.0699478301144585,9891023.826,9827622.968,8.56,8.77,3.764135,3.7867052631579,5.75,5.75,2.1276637869709,2.28538225698791,0
2024-09,Interbank,Hipotecario,10047889.851,2.96253418338697,8.3,2.96253418338697,5.25,3.7689619047619,1.77501053596859,2.9622186476105936,3.037058812109892,9971943.597,9891023.826,8.34,8.56,3.74185,3.764135,5.5,5.75,2.03409700303861,2.1276637869709,0
2024-10,Interbank,Hipotecario,10121721.739,3.0360313707313984,8.21,3.0360313707313984,5.25,3.75436363636364,2.00918040984485,2.96253418338697,2.9622186476105936,10047889.851,9971943.597,8.3,8.34,3.7689619047619,3.74185,5.25,5.5,1.77501053596859,2.03409700303861,0
2024-11,Interbank,Hipotecario,10173191.33,3.0402774286733667,8.21,3.0402774286733667,5.0,3.779135,2.27199072148831,3.0360313707313984,2.96253418338697,10121721.739,10047889.851,8.21,8.3,3.75436363636364,3.7689619047619,5.25,5.25,2.00918040984485,1.77501053596859,1
2024-12,Interbank,Hipotecario,10233773.206,3.083463975545821,8.0,3.083463975545821,5.0,3.73553684210526,1.96630270142824,3.0402774286733667,3.0360313707313984,10173191.33,10121721.739,8.21,8.21,3.779135,3.75436363636364,5.0,5.25,2.27199072148831,2.00918040984485,1
2025-01,Interbank,Hipotecario,10266405.146,3.054417355520247,7.83,3.054417355520247,4.75,3.74692272727273,1.85158283440667,3.083463975545821,3.0402774286733667,10233773.206,10173191.33,8.0,8.21,3.73553684210526,3.779135,5.0,5.0,1.96630270142824,2.27199072148831,1
2025-02,Interbank,Hipotecario,10332177.139,2.9871324227708795,7.89,2.9871324227708795,4.75,3.69685,1.4773290589483,3.054417355520247,3.083463975545821,10266405.146,10233773.206,7.83,8.0,3.74692272727273,3.73553684210526,4.75,5.0,1.85158283440667,1.96630270142824,0
2025-03,Interbank,Hipotecario,10352890.35,3.128379967816572,7.94,3.128379967816572,4.75,3.65248571428571,1.27718026977924,2.9871324227708795,3.054417355520247,10332177.139,10266405.146,7.89,7.83,3.69685,3.74692272727273,4.75,4.75,1.4773290589483,1.85158283440667,1
2025-04,Interbank,Hipotecario,10411587.279,3.0737953046879825,7.88,3.0737953046879825,4.75,3.70003,1.65183401740204,3.128379967816572,2.9871324227708795,10352890.35,10332177.139,7.94,7.89,3.65248571428571,3.69685,4.75,4.75,1.27718026977924,1.4773290589483,1
2025-05,Interbank,Hipotecario,10448349.284,3.274877729831238,7.72,3.274877729831238,4.5,3.65991428571429,1.68666289219268,3.0737953046879825,3.128379967816572,10411587.279,10352890.35,7.88,7.94,3.70003,3.65248571428571,4.75,4.75,1.65183401740204,1.27718026977924,1
2025-06,Interbank,Hipotecario,10531520.812,3.2349246001754905,7.61,3.2349246001754905,4.5,3.60219523809524,1.69370904576716,3.274877729831238,3.0737953046879825,10448349.284,10411587.279,7.72,7.88,3.65991428571429,3.70003,4.5,4.75,1.68666289219268,1.65183401740204,1
2025-07,Interbank,Hipotecario,10590746.292,3.2707131121030337,7.54,3.2707131121030337,4.5,3.556945,1.6888009685144,3.2349246001754905,3.274877729831238,10531520.812,10448349.284,7.61,7.72,3.60219523809524,3.65991428571429,4.5,4.5,1.69370904576716,1.68666289219268,1
2025-08,Interbank,Hipotecario,10684462.899,3.258982420245935,7.54,3.258982420245935,4.5,3.542385,1.10633077531991,3.2707131121030337,3.2349246001754905,10590746.292,10531520.812,7.54,7.61,3.556945,3.60219523809524,4.5,4.5,1.6888009685144,1.69370904576716,1
2025-09,Interbank,Hipotecario,10778572.63,3.1264080207374976,7.65,3.1264080207374976,4.25,3.50180454545455,1.35839342135424,3.258982420245935,3.2707131121030337,10684462.899,10590746.292,7.54,7.54,3.542385,3.556945,4.5,4.5,1.10633077531991,1.6888009685144,1
2025-10,Interbank,Hipotecario,10866761.153,3.1640646952683724,7.64,3.1640646952683724,4.25,3.41322727272727,1.35177475650182,3.1264080207374976,3.258982420245935,10778572.63,10684462.899,7.65,7.54,3.50180454545455,3.542385,4.25,4.5,1.35839342135424,1.10633077531991,1
2025-11,Interbank,Hipotecario,10975480.938,3.063573462548013,7.71,3.063573462548013,4.25,3.37263,1.36861256988846,3.1640646952683724,3.1264080207374976,10866761.153,10778572.63,7.64,7.65,3.41322727272727,3.50180454545455,4.25,4.25,1.35177475650182,1.35839342135424,1
2025-12,Interbank,Hipotecario,11039257.308,3.0565362995304746,7.69,3.0565362995304746,4.25,3.36686315789474,1.50879973918667,3.063573462548013,3.1640646952683724,10975480.938,10866761.153,7.71,7.64,3.37263,3.41322727272727,4.25,4.25,1.36861256988846,1.35177475650182,1
2023-03,Mibanco,Consumo,46765.75127,1.973911791273435,55.35,1.973911791273435,7.75,3.77916086956522,8.40057400933134,2.149227718453292,2.476608340265389,45206.34281,44639.14684,54.81,50.78,3.84146,3.83380476190476,7.75,7.75,8.64592356025242,8.66426700097408,0
2023-04,Mibanco,Consumo,47058.26548,2.033647485146925,55.42,2.033647485146925,7.75,3.76545,7.9650458305066,1.973911791273435,2.149227718453292,46765.75127,45206.34281,55.35,54.81,3.77916086956522,3.84146,7.75,7.75,8.40057400933134,8.64592356025242,0
2023-05,Mibanco,Consumo,47422.7271,2.9106568958799155,54.95,2.9106568958799155,7.75,3.68866818181818,7.89388564823743,2.033647485146925,1.973911791273435,47058.26548,46765.75127,55.42,55.35,3.76545,3.77916086956522,7.75,7.75,7.9650458305066,8.40057400933134,0
2023-06,Mibanco,Consumo,47283.93089,3.3533669312480163,55.78,3.3533669312480163,7.75,3.65041904761905,6.46149699198863,2.9106568958799155,2.033647485146925,47422.7271,47058.26548,54.95,55.42,3.68866818181818,3.76545,7.75,7.75,7.89388564823743,7.9650458305066,0
2023-07,Mibanco,Consumo,46543.536340000006,3.4239814335654226,57.7,3.4239814335654226,7.75,3.601255,5.88160145590039,3.3533669312480163,2.9106568958799155,47283.93089,47422.7271,55.78,54.95,3.65041904761905,3.68866818181818,7.75,7.75,6.46149699198863,7.89388564823743,0
2023-08,Mibanco,Consumo,46756.79562,3.895812918871692,59.3,3.895812918871692,7.75,3.69776818181818,5.57614720330122,3.4239814335654226,3.3533669312480163,46543.536340000006,47283.93089,57.7,55.78,3.601255,3.65041904761905,7.75,7.75,5.88160145590039,6.46149699198863,1
2023-09,Mibanco,Consumo,45494.27045,3.777324696510578,58.46,3.777324696510578,7.5,3.73099523809524,5.04454594794186,3.895812918871692,3.4239814335654226,46756.79562,46543.536340000006,59.3,57.7,3.69776818181818,3.601255,7.75,7.75,5.57614720330122,5.88160145590039,1
2023-10,Mibanco,Consumo,44761.58509,3.449502223014061,57.86,3.449502223014061,7.25,3.84575909090909,4.34308132283159,3.777324696510578,3.895812918871692,45494.27045,46756.79562,58.46,59.3,3.73099523809524,3.69776818181818,7.5,7.75,5.04454594794186,5.57614720330122,0
2023-11,Mibanco,Consumo,43450.78779,3.406523250310469,57.86,3.406523250310469,7.0,3.76079523809524,3.63647512169549,3.449502223014061,3.777324696510578,44761.58509,45494.27045,57.86,58.46,3.84575909090909,3.73099523809524,7.25,7.5,4.34308132283159,5.04454594794186,0
2023-12,Mibanco,Consumo,42575.19009,3.572437965143243,59.52,3.572437965143243,6.75,3.73394210526316,3.23738256432406,3.406523250310469,3.449502223014061,43450.78779,44761.58509,57.86,57.86,3.76079523809524,3.84575909090909,7.0,7.25,3.63647512169549,4.34308132283159,0
2024-01,Mibanco,Consumo,42200.10362,3.5044188435634505,61.25,3.5044188435634505,6.5,3.74074285714286,3.02392174826855,3.572437965143243,3.406523250310469,42575.19009,43450.78779,59.52,57.86,3.73394210526316,3.76079523809524,6.75,7.0,3.23738256432406,3.63647512169549,0
2024-02,Mibanco,Consumo,42006.24661,3.553984406127591,62.39,3.553984406127591,6.25,3.8279380952381,3.29406696032184,3.5044188435634505,3.572437965143243,42200.10362,42575.19009,61.25,59.52,3.74074285714286,3.73394210526316,6.5,6.75,3.02392174826855,3.23738256432406,0
2024-03,Mibanco,Consumo,42179.31949,3.793941828071624,62.44,3.793941828071624,6.25,3.70898947368421,3.04504592593905,3.553984406127591,3.5044188435634505,42006.24661,42200.10362,62.39,61.25,3.8279380952381,3.74074285714286,6.25,6.5,3.29406696032184,3.02392174826855,1
2024-04,Mibanco,Consumo,41286.26318,3.721290834861203,61.22,3.721290834861203,6.0,3.71503181818182,2.42207617792805,3.793941828071624,3.553984406127591,42179.31949,42006.24661,62.44,62.39,3.70898947368421,3.8279380952381,6.25,6.25,3.04504592593905,3.29406696032184,0
2024-05,Mibanco,Consumo,39372.10822,4.638034934817515,61.87,4.638034934817515,5.75,3.73172727272727,2.00493835958688,3.721290834861203,3.793941828071624,41286.26318,42179.31949,61.22,62.44,3.71503181818182,3.70898947368421,6.0,6.25,2.42207617792805,3.04504592593905,1
2024-06,Mibanco,Consumo,37238.32994,4.299863160846739,63.24,4.299863160846739,5.75,3.7867052631579,2.28538225698791,4.638034934817515,3.721290834861203,39372.10822,41286.26318,61.87,61.22,3.73172727272727,3.71503181818182,5.75,6.0,2.00493835958688,2.42207617792805,1
2024-07,Mibanco,Consumo,34198.992450000005,3.895829653217115,62.38,3.895829653217115,5.75,3.764135,2.1276637869709,4.299863160846739,4.638034934817515,37238.32994,39372.10822,63.24,61.87,3.7867052631579,3.73172727272727,5.75,5.75,2.28538225698791,2.00493835958688,1
2024-08,Mibanco,Consumo,32652.28158,3.7760987424424832,62.58,3.7760987424424832,5.5,3.74185,2.03409700303861,3.895829653217115,4.299863160846739,34198.992450000005,37238.32994,62.38,63.24,3.764135,3.7867052631579,5.75,5.75,2.1276637869709,2.28538225698791,0
2024-09,Mibanco,Consumo,31797.11517,3.5998837421748724,62.33,3.5998837421748724,5.25,3.7689619047619,1.77501053596859,3.7760987424424832,3.895829653217115,32652.28158,34198.992450000005,62.58,62.38,3.74185,3.764135,5.5,5.75,2.03409700303861,2.1276637869709,0
2024-10,Mibanco,Consumo,31443.49359,3.281764986932888,61.39,3.281764986932888,5.25,3.75436363636364,2.00918040984485,3.5998837421748724,3.7760987424424832,31797.11517,32652.28158,62.33,62.58,3.7689619047619,3.74185,5.25,5.5,1.77501053596859,2.03409700303861,0
2024-11,Mibanco,Consumo,30933.85028,3.1144970359818696,57.85,3.1144970359818696,5.0,3.779135,2.27199072148831,3.281764986932888,3.5998837421748724,31443.49359,31797.11517,61.39,62.33,3.75436363636364,3.7689619047619,5.25,5.25,2.00918040984485,1.77501053596859,0
2024-12,Mibanco,Consumo,30863.91395,3.1793222289993666,56.4,3.1793222289993666,5.0,3.73553684210526,1.96630270142824,3.1144970359818696,3.281764986932888,30933.85028,31443.49359,57.85,61.39,3.779135,3.75436363636364,5.0,5.25,2.27199072148831,2.00918040984485,0
2025-01,Mibanco,Consumo,30897.92488,2.749892973663963,59.35,2.749892973663963,4.75,3.74692272727273,1.85158283440667,3.1793222289993666,3.1144970359818696,30863.91395,30933.85028,56.4,57.85,3.73553684210526,3.779135,5.0,5.0,1.96630270142824,2.27199072148831,0
2025-02,Mibanco,Consumo,31042.28688,2.5640688360084174,59.34,2.5640688360084174,4.75,3.69685,1.4773290589483,2.749892973663963,3.1793222289993666,30897.92488,30863.91395,59.35,56.4,3.74692272727273,3.73553684210526,4.75,5.0,1.85158283440667,1.96630270142824,0
2025-03,Mibanco,Consumo,31715.39615,2.43065798773247,59.51,2.43065798773247,4.75,3.65248571428571,1.27718026977924,2.5640688360084174,2.749892973663963,31042.28688,30897.92488,59.34,59.35,3.69685,3.74692272727273,4.75,4.75,1.4773290589483,1.85158283440667,0
2025-04,Mibanco,Consumo,31505.77717,2.3085569065474547,58.32,2.3085569065474547,4.75,3.70003,1.65183401740204,2.43065798773247,2.5640688360084174,31715.39615,31042.28688,59.51,59.34,3.65248571428571,3.69685,4.75,4.75,1.27718026977924,1.4773290589483,0
2025-05,Mibanco,Consumo,31302.21538,2.246027900802248,58.85,2.246027900802248,4.5,3.65991428571429,1.68666289219268,2.3085569065474547,2.43065798773247,31505.77717,31715.39615,58.32,59.51,3.70003,3.65248571428571,4.75,4.75,1.65183401740204,1.27718026977924,0
2025-06,Mibanco,Consumo,31239.06816,2.287661845395321,58.83,2.287661845395321,4.5,3.60219523809524,1.69370904576716,2.246027900802248,2.3085569065474547,31302.21538,31505.77717,58.85,58.32,3.65991428571429,3.70003,4.5,4.75,1.68666289219268,1.65183401740204,0
2025-07,Mibanco,Consumo,31054.03334,2.220758529685274,55.07,2.220758529685274,4.5,3.556945,1.6888009685144,2.287661845395321,2.246027900802248,31239.06816,31302.21538,58.83,58.85,3.60219523809524,3.65991428571429,4.5,4.5,1.69370904576716,1.68666289219268,0
2025-08,Mibanco,Consumo,31198.5253,2.112903308090924,55.02,2.112903308090924,4.5,3.542385,1.10633077531991,2.220758529685274,2.287661845395321,31054.03334,31239.06816,55.07,58.83,3.556945,3.60219523809524,4.5,4.5,1.6888009685144,1.69370904576716,0
2025-09,Mibanco,Consumo,31512.92932,2.064860878794601,56.4,2.064860878794601,4.25,3.50180454545455,1.35839342135424,2.112903308090924,2.220758529685274,31198.5253,31054.03334,55.02,55.07,3.542385,3.556945,4.5,4.5,1.10633077531991,1.6888009685144,0
2025-10,Mibanco,Consumo,31545.57586,2.020252821025507,56.66,2.020252821025507,4.25,3.41322727272727,1.35177475650182,2.064860878794601,2.112903308090924,31512.92932,31198.5253,56.4,55.02,3.50180454545455,3.542385,4.25,4.5,1.35839342135424,1.10633077531991,0
2025-11,Mibanco,Consumo,30524.19368,1.8452845606142287,53.32,1.8452845606142287,4.25,3.37263,1.36861256988846,2.020252821025507,2.064860878794601,31545.57586,31512.92932,56.66,56.4,3.41322727272727,3.50180454545455,4.25,4.25,1.35177475650182,1.35839342135424,0
2025-12,Mibanco,Consumo,29783.24819,1.8442636653067543,52.83,1.8442636653067543,4.25,3.36686315789474,1.50879973918667,1.8452845606142287,2.020252821025507,30524.19368,31545.57586,53.32,56.66,3.37263,3.41322727272727,4.25,4.25,1.36861256988846,1.35177475650182,0
2023-03,Mibanco,Hipotecario,450362.295,4.585705954358712,16.93,4.585705954358712,7.75,3.77916086956522,8.40057400933134,4.751718398717767,4.8316191383788825,449041.328,445514.871,16.66,15.75,3.84146,3.83380476190476,7.75,7.75,8.64592356025242,8.66426700097408,0
2023-04,Mibanco,Hipotecario,452624.987,4.520161283436257,16.88,4.520161283436257,7.75,3.76545,7.9650458305066,4.585705954358712,4.751718398717767,450362.295,449041.328,16.93,16.66,3.77916086956522,3.84146,7.75,7.75,8.40057400933134,8.64592356025242,0
2023-05,Mibanco,Hipotecario,453903.243,4.523436184984345,17.14,4.523436184984345,7.75,3.68866818181818,7.89388564823743,4.520161283436257,4.585705954358712,452624.987,450362.295,16.88,16.93,3.76545,3.77916086956522,7.75,7.75,7.9650458305066,8.40057400933134,0
2023-06,Mibanco,Hipotecario,456565.943,4.599333738101044,17.38,4.599333738101044,7.75,3.65041904761905,6.46149699198863,4.523436184984345,4.520161283436257,453903.243,452624.987,17.14,16.88,3.68866818181818,3.76545,7.75,7.75,7.89388564823743,7.9650458305066,0
2023-07,Mibanco,Hipotecario,454876.723,4.79463376207145,18.21,4.79463376207145,7.75,3.601255,5.88160145590039,4.599333738101044,4.523436184984345,456565.943,453903.243,17.38,17.14,3.65041904761905,3.68866818181818,7.75,7.75,6.46149699198863,7.89388564823743,0
2023-08,Mibanco,Hipotecario,453069.408,4.900447393756376,18.65,4.900447393756376,7.75,3.69776818181818,5.57614720330122,4.79463376207145,4.599333738101044,454876.723,456565.943,18.21,17.38,3.601255,3.65041904761905,7.75,7.75,5.88160145590039,6.46149699198863,0
2023-09,Mibanco,Hipotecario,452660.6,5.088945093232145,17.46,5.088945093232145,7.5,3.73099523809524,5.04454594794186,4.900447393756376,4.79463376207145,453069.408,454876.723,18.65,18.21,3.69776818181818,3.601255,7.75,7.75,5.57614720330122,5.88160145590039,0
2023-10,Mibanco,Hipotecario,450630.004,5.011253893581245,17.18,5.011253893581245,7.25,3.84575909090909,4.34308132283159,5.088945093232145,4.900447393756376,452660.6,453069.408,17.46,18.65,3.73099523809524,3.69776818181818,7.5,7.75,5.04454594794186,5.57614720330122,0
2023-11,Mibanco,Hipotecario,448923.431,5.039837611370601,17.84,5.039837611370601,7.0,3.76079523809524,3.63647512169549,5.011253893581245,5.088945093232145,450630.004,452660.6,17.18,17.46,3.84575909090909,3.73099523809524,7.25,7.5,4.34308132283159,5.04454594794186,0
2023-12,Mibanco,Hipotecario,444611.019,5.226369032396793,17.61,5.226369032396793,6.75,3.73394210526316,3.23738256432406,5.039837611370601,5.011253893581245,448923.431,450630.004,17.84,17.18,3.76079523809524,3.84575909090909,7.0,7.25,3.63647512169549,4.34308132283159,0
2024-01,Mibanco,Hipotecario,438802.245,5.350137796330777,18.06,5.350137796330777,6.5,3.74074285714286,3.02392174826855,5.226369032396793,5.039837611370601,444611.019,448923.431,17.61,17.84,3.73394210526316,3.76079523809524,6.75,7.0,3.23738256432406,3.63647512169549,0
2024-02,Mibanco,Hipotecario,432564.243,5.660736573693392,19.21,5.660736573693392,6.25,3.8279380952381,3.29406696032184,5.350137796330777,5.226369032396793,438802.245,444611.019,18.06,17.61,3.74074285714286,3.73394210526316,6.5,6.75,3.02392174826855,3.23738256432406,0
2024-03,Mibanco,Hipotecario,427955.188,5.935161687334332,19.38,5.935161687334332,6.25,3.70898947368421,3.04504592593905,5.660736573693392,5.350137796330777,432564.243,438802.245,19.21,18.06,3.8279380952381,3.74074285714286,6.25,6.5,3.29406696032184,3.02392174826855,0
2024-04,Mibanco,Hipotecario,423582.99,5.96340209673598,18.88,5.96340209673598,6.0,3.71503181818182,2.42207617792805,5.935161687334332,5.660736573693392,427955.188,432564.243,19.38,19.21,3.70898947368421,3.8279380952381,6.25,6.25,3.04504592593905,3.29406696032184,0
2024-05,Mibanco,Hipotecario,420160.707,6.199513806264999,18.93,6.199513806264999,5.75,3.73172727272727,2.00493835958688,5.96340209673598,5.935161687334332,423582.99,427955.188,18.88,19.38,3.71503181818182,3.70898947368421,6.0,6.25,2.42207617792805,3.04504592593905,0
2024-06,Mibanco,Hipotecario,415525.89,6.456223650250219,18.11,6.456223650250219,5.75,3.7867052631579,2.28538225698791,6.199513806264999,5.96340209673598,420160.707,423582.99,18.93,18.88,3.73172727272727,3.71503181818182,5.75,6.0,2.00493835958688,2.42207617792805,1
2024-07,Mibanco,Hipotecario,409234.684,6.412464783759031,17.91,6.412464783759031,5.75,3.764135,2.1276637869709,6.456223650250219,6.199513806264999,415525.89,420160.707,18.11,18.93,3.7867052631579,3.73172727272727,5.75,5.75,2.28538225698791,2.00493835958688,0
2024-08,Mibanco,Hipotecario,401895.928,6.495712989151643,17.4,6.495712989151643,5.5,3.74185,2.03409700303861,6.412464783759031,6.456223650250219,409234.684,415525.89,17.91,18.11,3.764135,3.7867052631579,5.75,5.75,2.1276637869709,2.28538225698791,1
2024-09,Mibanco,Hipotecario,394318.738,6.736161264126646,17.56,6.736161264126646,5.25,3.7689619047619,1.77501053596859,6.495712989151643,6.412464783759031,401895.928,409234.684,17.4,17.91,3.74185,3.764135,5.5,5.75,2.03409700303861,2.1276637869709,1
2024-10,Mibanco,Hipotecario,390174.909,6.815103333110254,16.83,6.815103333110254,5.25,3.75436363636364,2.00918040984485,6.736161264126646,6.495712989151643,394318.738,401895.928,17.56,17.4,3.7689619047619,3.74185,5.25,5.5,1.77501053596859,2.03409700303861,1
2024-11,Mibanco,Hipotecario,386800.957,6.902161127366457,17.1,6.902161127366457,5.0,3.779135,2.27199072148831,6.815103333110254,6.736161264126646,390174.909,394318.738,16.83,17.56,3.75436363636364,3.7689619047619,5.25,5.25,2.00918040984485,1.77501053596859,1
2024-12,Mibanco,Hipotecario,380772.287,7.02234266338964,16.12,7.02234266338964,5.0,3.73553684210526,1.96630270142824,6.902161127366457,6.815103333110254,386800.957,390174.909,17.1,16.83,3.779135,3.75436363636364,5.0,5.25,2.27199072148831,2.00918040984485,1
2025-01,Mibanco,Hipotecario,378878.939,7.130433996074917,16.86,7.130433996074917,4.75,3.74692272727273,1.85158283440667,7.02234266338964,6.902161127366457,380772.287,386800.957,16.12,17.1,3.73553684210526,3.779135,5.0,5.0,1.96630270142824,2.27199072148831,1
2025-02,Mibanco,Hipotecario,376581.363,7.199316066048079,16.4,7.199316066048079,4.75,3.69685,1.4773290589483,7.130433996074917,7.02234266338964,378878.939,380772.287,16.86,16.12,3.74692272727273,3.73553684210526,4.75,5.0,1.85158283440667,1.96630270142824,1
2025-03,Mibanco,Hipotecario,366213.359,7.69367287749341,15.97,7.69367287749341,4.75,3.65248571428571,1.27718026977924,7.199316066048079,7.130433996074917,376581.363,378878.939,16.4,16.86,3.69685,3.74692272727273,4.75,4.75,1.4773290589483,1.85158283440667,1
2025-04,Mibanco,Hipotecario,356264.379,8.095260589449396,16.72,8.095260589449396,4.75,3.70003,1.65183401740204,7.69367287749341,7.199316066048079,366213.359,376581.363,15.97,16.4,3.65248571428571,3.69685,4.75,4.75,1.27718026977924,1.4773290589483,1
2025-05,Mibanco,Hipotecario,354580.184,7.807958810670806,16.16,7.807958810670806,4.5,3.65991428571429,1.68666289219268,8.095260589449396,7.69367287749341,356264.379,366213.359,16.72,15.97,3.70003,3.65248571428571,4.75,4.75,1.65183401740204,1.27718026977924,1
2025-06,Mibanco,Hipotecario,347017.619,8.081849570073482,15.96,8.081849570073482,4.5,3.60219523809524,1.69370904576716,7.807958810670806,8.095260589449396,354580.184,356264.379,16.16,16.72,3.65991428571429,3.70003,4.5,4.75,1.68666289219268,1.65183401740204,1
2025-07,Mibanco,Hipotecario,341809.462,8.20204608454311,16.57,8.20204608454311,4.5,3.556945,1.6888009685144,8.081849570073482,7.807958810670806,347017.619,354580.184,15.96,16.16,3.60219523809524,3.65991428571429,4.5,4.5,1.69370904576716,1.68666289219268,1
2025-08,Mibanco,Hipotecario,334706.681,8.338912764464055,16.65,8.338912764464055,4.5,3.542385,1.10633077531991,8.20204608454311,8.081849570073482,341809.462,347017.619,16.57,15.96,3.556945,3.60219523809524,4.5,4.5,1.6888009685144,1.69370904576716,1
2025-09,Mibanco,Hipotecario,330462.549,8.301459845652863,18.08,8.301459845652863,4.25,3.50180454545455,1.35839342135424,8.338912764464055,8.20204608454311,334706.681,341809.462,16.65,16.57,3.542385,3.556945,4.5,4.5,1.10633077531991,1.6888009685144,1
2025-10,Mibanco,Hipotecario,332166.787,8.050782530661676,16.03,8.050782530661676,4.25,3.41322727272727,1.35177475650182,8.301459845652863,8.338912764464055,330462.549,334706.681,18.08,16.65,3.50180454545455,3.542385,4.25,4.5,1.35839342135424,1.10633077531991,1
2025-11,Mibanco,Hipotecario,327254.132,8.142740812829375,15.87,8.142740812829375,4.25,3.37263,1.36861256988846,8.050782530661676,8.301459845652863,332166.787,330462.549,16.03,18.08,3.41322727272727,3.50180454545455,4.25,4.25,1.35177475650182,1.35839342135424,1
2025-12,Mibanco,Hipotecario,323909.019,8.052900194733333,16.26,8.052900194733333,4.25,3.36686315789474,1.50879973918667,8.142740812829375,8.050782530661676,327254.132,332166.787,15.87,16.03,3.37263,3.41322727272727,4.25,4.25,1.36861256988846,1.35177475650182,1
2023-03,Scotiabank,Consumo,1045675.35706,2.260276281659061,37.75,2.260276281659061,7.75,3.77916086956522,8.40057400933134,2.2125672967472347,2.215350885619963,1037917.90649,1015965.84809,37.54,38.27,3.84146,3.83380476190476,7.75,7.75,8.64592356025242,8.66426700097408,0
2023-04,Scotiabank,Consumo,1060969.06283,2.3420557612576527,37.93,2.3420557612576527,7.75,3.76545,7.9650458305066,2.260276281659061,2.2125672967472347,1045675.35706,1037917.90649,37.75,37.54,3.77916086956522,3.84146,7.75,7.75,8.40057400933134,8.64592356025242,0
2023-05,Scotiabank,Consumo,1074798.01551,2.495646321249376,37.25,2.495646321249376,7.75,3.68866818181818,7.89388564823743,2.3420557612576527,2.260276281659061,1060969.06283,1045675.35706,37.93,37.75,3.76545,3.77916086956522,7.75,7.75,7.9650458305066,8.40057400933134,0
2023-06,Scotiabank,Consumo,1101239.84001,2.5124144740363827,37.37,2.5124144740363827,7.75,3.65041904761905,6.46149699198863,2.495646321249376,2.3420557612576527,1074798.01551,1060969.06283,37.25,37.93,3.68866818181818,3.76545,7.75,7.75,7.89388564823743,7.9650458305066,0
2023-07,Scotiabank,Consumo,1112943.84395,2.6596302586241296,38.34,2.6596302586241296,7.75,3.601255,5.88160145590039,2.5124144740363827,2.495646321249376,1101239.84001,1074798.01551,37.37,37.25,3.65041904761905,3.68866818181818,7.75,7.75,6.46149699198863,7.89388564823743,0
2023-08,Scotiabank,Consumo,1163210.90033,2.751993113557748,39.18,2.751993113557748,7.75,3.69776818181818,5.57614720330122,2.6596302586241296,2.5124144740363827,1112943.84395,1101239.84001,38.34,37.37,3.601255,3.65041904761905,7.75,7.75,5.88160145590039,6.46149699198863,0
2023-09,Scotiabank,Consumo,1177457.60554,2.8968291182303747,39.97,2.8968291182303747,7.5,3.73099523809524,5.04454594794186,2.751993113557748,2.6596302586241296,1163210.90033,1112943.84395,39.18,38.34,3.69776818181818,3.601255,7.75,7.75,5.57614720330122,5.88160145590039,0
2023-10,Scotiabank,Consumo,1208295.51605,3.151248607532372,39.85,3.151248607532372,7.25,3.84575909090909,4.34308132283159,2.8968291182303747,2.751993113557748,1177457.60554,1163210.90033,39.97,39.18,3.73099523809524,3.69776818181818,7.5,7.75,5.04454594794186,5.57614720330122,0
2023-11,Scotiabank,Consumo,1233045.81901,3.2047886130088363,40.92,3.2047886130088363,7.0,3.76079523809524,3.63647512169549,3.151248607532372,2.8968291182303747,1208295.51605,1177457.60554,39.85,39.97,3.84575909090909,3.73099523809524,7.25,7.5,4.34308132283159,5.04454594794186,0
2023-12,Scotiabank,Consumo,1243914.0923199998,3.4199541931500885,41.21,3.4199541931500885,6.75,3.73394210526316,3.23738256432406,3.2047886130088363,3.151248607532372,1233045.81901,1208295.51605,40.92,39.85,3.76079523809524,3.84575909090909,7.0,7.25,3.63647512169549,4.34308132283159,0
2024-01,Scotiabank,Consumo,1237962.25291,3.58095193310722,41.06,3.58095193310722,6.5,3.74074285714286,3.02392174826855,3.4199541931500885,3.2047886130088363,1243914.0923199998,1233045.81901,41.21,40.92,3.73394210526316,3.76079523809524,6.75,7.0,3.23738256432406,3.63647512169549,0
2024-02,Scotiabank,Consumo,1255784.2431400002,3.591777980931528,40.13,3.591777980931528,6.25,3.8279380952381,3.29406696032184,3.58095193310722,3.4199541931500885,1237962.25291,1243914.0923199998,41.06,41.21,3.74074285714286,3.73394210526316,6.5,6.75,3.02392174826855,3.23738256432406,1
2024-03,Scotiabank,Consumo,1264270.11797,3.554393517799262,41.22,3.554393517799262,6.25,3.70898947368421,3.04504592593905,3.591777980931528,3.58095193310722,1255784.2431400002,1237962.25291,40.13,41.06,3.8279380952381,3.74074285714286,6.25,6.5,3.29406696032184,3.02392174826855,0
2024-04,Scotiabank,Consumo,1245037.43478,3.613074739944081,41.54,3.613074739944081,6.0,3.71503181818182,2.42207617792805,3.554393517799262,3.591777980931528,1264270.11797,1255784.2431400002,41.22,40.13,3.70898947368421,3.8279380952381,6.25,6.25,3.04504592593905,3.29406696032184,1
2024-05,Scotiabank,Consumo,1269709.18747,3.794899352235017,41.43,3.794899352235017,5.75,3.73172727272727,2.00493835958688,3.613074739944081,3.554393517799262,1245037.43478,1264270.11797,41.54,41.22,3.71503181818182,3.70898947368421,6.0,6.25,2.42207617792805,3.04504592593905,1
2024-06,Scotiabank,Consumo,1305826.76729,3.787803154590603,42.13,3.787803154590603,5.75,3.7867052631579,2.28538225698791,3.794899352235017,3.613074739944081,1269709.18747,1245037.43478,41.43,41.54,3.73172727272727,3.71503181818182,5.75,6.0,2.00493835958688,2.42207617792805,1
2024-07,Scotiabank,Consumo,1242701.3543699998,3.8324803170284407,42.8,3.8324803170284407,5.75,3.764135,2.1276637869709,3.787803154590603,3.794899352235017,1305826.76729,1269709.18747,42.13,41.43,3.7867052631579,3.73172727272727,5.75,5.75,2.28538225698791,2.00493835958688,1
2024-08,Scotiabank,Consumo,1259275.3499200002,3.643518318070455,43.22,3.643518318070455,5.5,3.74185,2.03409700303861,3.8324803170284407,3.787803154590603,1242701.3543699998,1305826.76729,42.8,42.13,3.764135,3.7867052631579,5.75,5.75,2.1276637869709,2.28538225698791,1
2024-09,Scotiabank,Consumo,1219872.6530499998,3.4509257287096777,42.65,3.4509257287096777,5.25,3.7689619047619,1.77501053596859,3.643518318070455,3.8324803170284407,1259275.3499200002,1242701.3543699998,43.22,42.8,3.74185,3.764135,5.5,5.75,2.03409700303861,2.1276637869709,0
2024-10,Scotiabank,Consumo,1248037.92859,3.322679576789387,41.3,3.322679576789387,5.25,3.75436363636364,2.00918040984485,3.4509257287096777,3.643518318070455,1219872.6530499998,1259275.3499200002,42.65,43.22,3.7689619047619,3.74185,5.25,5.5,1.77501053596859,2.03409700303861,0
2024-11,Scotiabank,Consumo,1293076.80629,3.1614230411087303,41.7,3.1614230411087303,5.0,3.779135,2.27199072148831,3.322679576789387,3.4509257287096777,1248037.92859,1219872.6530499998,41.3,42.65,3.75436363636364,3.7689619047619,5.25,5.25,2.00918040984485,1.77501053596859,0
2024-12,Scotiabank,Consumo,1273929.17012,3.075955051443844,42.97,3.075955051443844,5.0,3.73553684210526,1.96630270142824,3.1614230411087303,3.322679576789387,1293076.80629,1248037.92859,41.7,41.3,3.779135,3.75436363636364,5.0,5.25,2.27199072148831,2.00918040984485,0
2025-01,Scotiabank,Consumo,1247674.42297,2.8950657215394413,47.84,2.8950657215394413,4.75,3.74692272727273,1.85158283440667,3.075955051443844,3.1614230411087303,1273929.17012,1293076.80629,42.97,41.7,3.73553684210526,3.779135,5.0,5.0,1.96630270142824,2.27199072148831,0
2025-02,Scotiabank,Consumo,1239313.38173,2.835297342270201,48.6,2.835297342270201,4.75,3.69685,1.4773290589483,2.8950657215394413,3.075955051443844,1247674.42297,1273929.17012,47.84,42.97,3.74692272727273,3.73553684210526,4.75,5.0,1.85158283440667,1.96630270142824,0
2025-03,Scotiabank,Consumo,1236388.70115,2.810625053629852,47.7,2.810625053629852,4.75,3.65248571428571,1.27718026977924,2.835297342270201,2.8950657215394413,1239313.38173,1247674.42297,48.6,47.84,3.69685,3.74692272727273,4.75,4.75,1.4773290589483,1.85158283440667,0
2025-04,Scotiabank,Consumo,1232981.28097,2.7667585416120417,48.11,2.7667585416120417,4.75,3.70003,1.65183401740204,2.810625053629852,2.835297342270201,1236388.70115,1239313.38173,47.7,48.6,3.65248571428571,3.69685,4.75,4.75,1.27718026977924,1.4773290589483,0
2025-05,Scotiabank,Consumo,1251107.1153,2.758771422786106,47.13,2.758771422786106,4.5,3.65991428571429,1.68666289219268,2.7667585416120417,2.810625053629852,1232981.28097,1236388.70115,48.11,47.7,3.70003,3.65248571428571,4.75,4.75,1.65183401740204,1.27718026977924,0
2025-06,Scotiabank,Consumo,1239503.51697,2.7579787091680426,47.2,2.7579787091680426,4.5,3.60219523809524,1.69370904576716,2.758771422786106,2.7667585416120417,1251107.1153,1232981.28097,47.13,48.11,3.65991428571429,3.70003,4.5,4.75,1.68666289219268,1.65183401740204,0
2025-07,Scotiabank,Consumo,1241493.53315,2.759581258267584,46.2,2.759581258267584,4.5,3.556945,1.6888009685144,2.7579787091680426,2.758771422786106,1239503.51697,1251107.1153,47.2,47.13,3.60219523809524,3.65991428571429,4.5,4.5,1.69370904576716,1.68666289219268,0
2025-08,Scotiabank,Consumo,1253280.47217,2.7561850873350955,46.51,2.7561850873350955,4.5,3.542385,1.10633077531991,2.759581258267584,2.7579787091680426,1241493.53315,1239503.51697,46.2,47.2,3.556945,3.60219523809524,4.5,4.5,1.6888009685144,1.69370904576716,0
2025-09,Scotiabank,Consumo,1232460.39624,2.7249151144231405,46.2,2.7249151144231405,4.25,3.50180454545455,1.35839342135424,2.7561850873350955,2.759581258267584,1253280.47217,1241493.53315,46.51,46.2,3.542385,3.556945,4.5,4.5,1.10633077531991,1.6888009685144,0
2025-10,Scotiabank,Consumo,1233385.35544,2.633356016816859,46.12,2.633356016816859,4.25,3.41322727272727,1.35177475650182,2.7249151144231405,2.7561850873350955,1232460.39624,1253280.47217,46.2,46.51,3.50180454545455,3.542385,4.25,4.5,1.35839342135424,1.10633077531991,0
2025-11,Scotiabank,Consumo,1263254.40597,2.524669807595034,47.19,2.524669807595034,4.25,3.37263,1.36861256988846,2.633356016816859,2.7249151144231405,1233385.35544,1232460.39624,46.12,46.2,3.41322727272727,3.50180454545455,4.25,4.25,1.35177475650182,1.35839342135424,0
2025-12,Scotiabank,Consumo,1246884.92643,2.479538202420968,50.04,2.479538202420968,4.25,3.36686315789474,1.50879973918667,2.524669807595034,2.633356016816859,1263254.40597,1233385.35544,47.19,46.12,3.37263,3.41322727272727,4.25,4.25,1.36861256988846,1.35177475650182,0
2023-03,Scotiabank,Hipotecario,10351713.047,2.6467331717895224,9.62,2.6467331717895224,7.75,3.77916086956522,8.40057400933134,2.669014998258444,2.642476460555822,10303289.522,10274632.111,9.54,9.98,3.84146,3.83380476190476,7.75,7.75,8.64592356025242,8.66426700097408,0
2023-04,Scotiabank,Hipotecario,10391058.758,2.6375287219712344,9.6,2.6375287219712344,7.75,3.76545,7.9650458305066,2.6467331717895224,2.669014998258444,10351713.047,10303289.522,9.62,9.54,3.77916086956522,3.84146,7.75,7.75,8.40057400933134,8.64592356025242,0
2023-05,Scotiabank,Hipotecario,10440411.382,2.677080907240351,9.46,2.677080907240351,7.75,3.68866818181818,7.89388564823743,2.6375287219712344,2.6467331717895224,10391058.758,10351713.047,9.6,9.62,3.76545,3.77916086956522,7.75,7.75,7.9650458305066,8.40057400933134,0
2023-06,Scotiabank,Hipotecario,10484538.353,2.622768896610995,9.37,2.622768896610995,7.75,3.65041904761905,6.46149699198863,2.677080907240351,2.6375287219712344,10440411.382,10391058.758,9.46,9.6,3.68866818181818,3.76545,7.75,7.75,7.89388564823743,7.9650458305066,0
2023-07,Scotiabank,Hipotecario,10491128.421,2.5399288725577525,9.28,2.5399288725577525,7.75,3.601255,5.88160145590039,2.622768896610995,2.677080907240351,10484538.353,10440411.382,9.37,9.46,3.65041904761905,3.68866818181818,7.75,7.75,6.46149699198863,7.89388564823743,0
2023-08,Scotiabank,Hipotecario,10526438.599,2.5990825286476045,9.12,2.5990825286476045,7.75,3.69776818181818,5.57614720330122,2.5399288725577525,2.622768896610995,10491128.421,10484538.353,9.28,9.37,3.601255,3.65041904761905,7.75,7.75,5.88160145590039,6.46149699198863,0
2023-09,Scotiabank,Hipotecario,10585912.014,2.6574920128958435,9.03,2.6574920128958435,7.5,3.73099523809524,5.04454594794186,2.5990825286476045,2.5399288725577525,10526438.599,10491128.421,9.12,9.28,3.69776818181818,3.601255,7.75,7.75,5.57614720330122,5.88160145590039,0
2023-10,Scotiabank,Hipotecario,10602005.244,2.823136258741079,9.02,2.823136258741079,7.25,3.84575909090909,4.34308132283159,2.6574920128958435,2.5990825286476045,10585912.014,10526438.599,9.03,9.12,3.73099523809524,3.69776818181818,7.5,7.75,5.04454594794186,5.57614720330122,0
2023-11,Scotiabank,Hipotecario,10626835.978,2.7904721967491524,8.95,2.7904721967491524,7.0,3.76079523809524,3.63647512169549,2.823136258741079,2.6574920128958435,10602005.244,10585912.014,9.02,9.03,3.84575909090909,3.73099523809524,7.25,7.5,4.34308132283159,5.04454594794186,0
2023-12,Scotiabank,Hipotecario,10598273.845,2.8476449644346107,8.77,2.8476449644346107,6.75,3.73394210526316,3.23738256432406,2.7904721967491524,2.823136258741079,10626835.978,10602005.244,8.95,9.02,3.76079523809524,3.84575909090909,7.0,7.25,3.63647512169549,4.34308132283159,0
2024-01,Scotiabank,Hipotecario,10582121.72,2.86264440365953,8.84,2.86264440365953,6.5,3.74074285714286,3.02392174826855,2.8476449644346107,2.7904721967491524,10598273.845,10626835.978,8.77,8.95,3.73394210526316,3.76079523809524,6.75,7.0,3.23738256432406,3.63647512169549,1
2024-02,Scotiabank,Hipotecario,10536927.396,2.9041183987828822,9.16,2.9041183987828822,6.25,3.8279380952381,3.29406696032184,2.86264440365953,2.8476449644346107,10582121.72,10598273.845,8.84,8.77,3.74074285714286,3.73394210526316,6.5,6.75,3.02392174826855,3.23738256432406,1
2024-03,Scotiabank,Hipotecario,10479353.916,2.956759590657035,9.21,2.956759590657035,6.25,3.70898947368421,3.04504592593905,2.9041183987828822,2.86264440365953,10536927.396,10582121.72,9.16,8.84,3.8279380952381,3.74074285714286,6.25,6.5,3.29406696032184,3.02392174826855,1
2024-04,Scotiabank,Hipotecario,10459116.755,2.9534019845930506,9.12,2.9534019845930506,6.0,3.71503181818182,2.42207617792805,2.956759590657035,2.9041183987828822,10479353.916,10536927.396,9.21,9.16,3.70898947368421,3.8279380952381,6.25,6.25,3.04504592593905,3.29406696032184,1
2024-05,Scotiabank,Hipotecario,10461634.44,2.9580193781265507,8.99,2.9580193781265507,5.75,3.73172727272727,2.00493835958688,2.9534019845930506,2.956759590657035,10459116.755,10479353.916,9.12,9.21,3.71503181818182,3.70898947368421,6.0,6.25,2.42207617792805,3.04504592593905,1
2024-06,Scotiabank,Hipotecario,10490419.817,2.928244011149109,9.0,2.928244011149109,5.75,3.7867052631579,2.28538225698791,2.9580193781265507,2.9534019845930506,10461634.44,10459116.755,8.99,9.12,3.73172727272727,3.71503181818182,5.75,6.0,2.00493835958688,2.42207617792805,1
2024-07,Scotiabank,Hipotecario,10418447.612,2.804388161635213,9.02,2.804388161635213,5.75,3.764135,2.1276637869709,2.928244011149109,2.9580193781265507,10490419.817,10461634.44,9.0,8.99,3.7867052631579,3.73172727272727,5.75,5.75,2.28538225698791,2.00493835958688,0
2024-08,Scotiabank,Hipotecario,10387610.065,2.8092064694471865,8.97,2.8092064694471865,5.5,3.74185,2.03409700303861,2.804388161635213,2.928244011149109,10418447.612,10490419.817,9.02,9.0,3.764135,3.7867052631579,5.75,5.75,2.1276637869709,2.28538225698791,0
2024-09,Scotiabank,Hipotecario,10362056.966,2.7865251649633107,8.75,2.7865251649633107,5.25,3.7689619047619,1.77501053596859,2.8092064694471865,2.804388161635213,10387610.065,10418447.612,8.97,9.02,3.74185,3.764135,5.5,5.75,2.03409700303861,2.1276637869709,0
2024-10,Scotiabank,Hipotecario,10348574.119,2.78144278659021,8.49,2.78144278659021,5.25,3.75436363636364,2.00918040984485,2.7865251649633107,2.8092064694471865,10362056.966,10387610.065,8.75,8.97,3.7689619047619,3.74185,5.25,5.5,1.77501053596859,2.03409700303861,0
2024-11,Scotiabank,Hipotecario,10340247.268,2.765220543619567,8.19,2.765220543619567,5.0,3.779135,2.27199072148831,2.78144278659021,2.7865251649633107,10348574.119,10362056.966,8.49,8.75,3.75436363636364,3.7689619047619,5.25,5.25,2.00918040984485,1.77501053596859,0
2024-12,Scotiabank,Hipotecario,10297074.527,2.790014704459774,8.14,2.790014704459774,5.0,3.73553684210526,1.96630270142824,2.765220543619567,2.78144278659021,10340247.268,10348574.119,8.19,8.49,3.779135,3.75436363636364,5.0,5.25,2.27199072148831,2.00918040984485,0
2025-01,Scotiabank,Hipotecario,10279026.888,2.721865963290064,8.13,2.721865963290064,4.75,3.74692272727273,1.85158283440667,2.790014704459774,2.765220543619567,10297074.527,10340247.268,8.14,8.19,3.73553684210526,3.779135,5.0,5.0,1.96630270142824,2.27199072148831,0
2025-02,Scotiabank,Hipotecario,10245956.707,2.8001943008478944,8.09,2.8001943008478944,4.75,3.69685,1.4773290589483,2.721865963290064,2.790014704459774,10279026.888,10297074.527,8.13,8.14,3.74692272727273,3.73553684210526,4.75,5.0,1.85158283440667,1.96630270142824,0
2025-03,Scotiabank,Hipotecario,10236339.113,2.9042071867597623,8.0,2.9042071867597623,4.75,3.65248571428571,1.27718026977924,2.8001943008478944,2.721865963290064,10245956.707,10279026.888,8.09,8.13,3.69685,3.74692272727273,4.75,4.75,1.4773290589483,1.85158283440667,1
2025-04,Scotiabank,Hipotecario,10235715.743,2.920099535194608,7.93,2.920099535194608,4.75,3.70003,1.65183401740204,2.9042071867597623,2.8001943008478944,10236339.113,10245956.707,8.0,8.09,3.65248571428571,3.69685,4.75,4.75,1.27718026977924,1.4773290589483,1
2025-05,Scotiabank,Hipotecario,10252357.516,2.8602221348250185,7.74,2.8602221348250185,4.5,3.65991428571429,1.68666289219268,2.920099535194608,2.9042071867597623,10235715.743,10236339.113,7.93,8.0,3.70003,3.65248571428571,4.75,4.75,1.65183401740204,1.27718026977924,1
2025-06,Scotiabank,Hipotecario,10282717.909,2.8251851605024143,7.69,2.8251851605024143,4.5,3.60219523809524,1.69370904576716,2.8602221348250185,2.920099535194608,10252357.516,10235715.743,7.74,7.93,3.65991428571429,3.70003,4.5,4.75,1.68666289219268,1.65183401740204,0
2025-07,Scotiabank,Hipotecario,10276695.371,2.834668501084172,7.71,2.834668501084172,4.5,3.556945,1.6888009685144,2.8251851605024143,2.8602221348250185,10282717.909,10252357.516,7.69,7.74,3.60219523809524,3.65991428571429,4.5,4.5,1.69370904576716,1.68666289219268,0
2025-08,Scotiabank,Hipotecario,10281043.699,2.925254093951153,7.7,2.925254093951153,4.5,3.542385,1.10633077531991,2.834668501084172,2.8251851605024143,10276695.371,10282717.909,7.71,7.69,3.556945,3.60219523809524,4.5,4.5,1.6888009685144,1.69370904576716,1
2025-09,Scotiabank,Hipotecario,10295219.785,2.8932962560706,7.72,2.8932962560706,4.25,3.50180454545455,1.35839342135424,2.925254093951153,2.834668501084172,10281043.699,10276695.371,7.7,7.71,3.542385,3.556945,4.5,4.5,1.10633077531991,1.6888009685144,1
2025-10,Scotiabank,Hipotecario,10299468.501,3.008996728198563,7.68,3.008996728198563,4.25,3.41322727272727,1.35177475650182,2.8932962560706,2.925254093951153,10295219.785,10281043.699,7.72,7.7,3.50180454545455,3.542385,4.25,4.5,1.35839342135424,1.10633077531991,1
2025-11,Scotiabank,Hipotecario,10346128.991,2.9498900756854165,7.62,2.9498900756854165,4.25,3.37263,1.36861256988846,3.008996728198563,2.8932962560706,10299468.501,10295219.785,7.68,7.72,3.41322727272727,3.50180454545455,4.25,4.25,1.35177475650182,1.35839342135424,1
2025-12,Scotiabank,Hipotecario,10354490.145,2.8938475350829487,7.63,2.8938475350829487,4.25,3.36686315789474,1.50879973918667,2.9498900756854165,3.008996728198563,10346128.991,10299468.501,7.62,7.68,3.37263,3.41322727272727,4.25,4.25,1.36861256988846,1.35177475650182,1
