fecha_id,banco_id,tipo_credito_id,indicador_id,valor
2023-01,Macro,Macro,tasa_referencia,7.75
2023-02,Macro,Macro,tasa_referencia,7.75
2023-03,Macro,Macro,tasa_referencia,7.75
2023-04,Macro,Macro,tasa_referencia,7.75
2023-05,Macro,Macro,tasa_referencia,7.75
2023-06,Macro,Macro,tasa_referencia,7.75
2023-07,Macro,Macro,tasa_referencia,7.75
2023-08,Macro,Macro,tasa_referencia,7.75
2023-09,Macro,Macro,tasa_referencia,7.5
2023-10,Macro,Macro,tasa_referencia,7.25
2023-11,Macro,Macro,tasa_referencia,7.0
2023-12,Macro,Macro,tasa_referencia,6.75
2024-01,Macro,Macro,tasa_referencia,6.5
2024-02,Macro,Macro,tasa_referencia,6.25
2024-03,Macro,Macro,tasa_referencia,6.25
2024-04,Macro,Macro,tasa_referencia,6.0
2024-05,Macro,Macro,tasa_referencia,5.75
2024-06,Macro,Macro,tasa_referencia,5.75
2024-07,Macro,Macro,tasa_referencia,5.75
2024-08,Macro,Macro,tasa_referencia,5.5
2024-09,Macro,Macro,tasa_referencia,5.25
2024-10,Macro,Macro,tasa_referencia,5.25
2024-11,Macro,Macro,tasa_referencia,5.0
2024-12,Macro,Macro,tasa_referencia,5.0
2025-01,Macro,Macro,tasa_referencia,4.75
2025-02,Macro,Macro,tasa_referencia,4.75
2025-03,Macro,Macro,tasa_referencia,4.75
2025-04,Macro,Macro,tasa_referencia,4.75
2025-05,Macro,Macro,tasa_referencia,4.5
2025-06,Macro,Macro,tasa_referencia,4.5
2025-07,Macro,Macro,tasa_referencia,4.5
2025-08,Macro,Macro,tasa_referencia,4.5
2025-09,Macro,Macro,tasa_referencia,4.25
2025-10,Macro,Macro,tasa_referencia,4.25
2025-11,Macro,Macro,tasa_referencia,4.25
2025-12,Macro,Macro,tasa_referencia,4.25
2023-01,Macro,Macro,tipo_cambio,3.83380476190476
2023-02,Macro,Macro,tipo_cambio,3.84146
2023-03,Macro,Macro,tipo_cambio,3.77916086956522
2023-04,Macro,Macro,tipo_cambio,3.76545
2023-05,Macro,Macro,tipo_cambio,3.68866818181818
2023-06,Macro,Macro,tipo_cambio,3.65041904761905
2023-07,Macro,Macro,tipo_cambio,3.601255
2023-08,Macro,Macro,tipo_cambio,3.69776818181818
2023-09,Macro,Macro,tipo_cambio,3.73099523809524
2023-10,Macro,Macro,tipo_cambio,3.84575909090909
2023-11,Macro,Macro,tipo_cambio,3.76079523809524
2023-12,Macro,Macro,tipo_cambio,3.73394210526316
2024-01,Macro,Macro,tipo_cambio,3.74074285714286
2024-02,Macro,Macro,tipo_cambio,3.8279380952381
2024-03,Macro,Macro,tipo_cambio,3.70898947368421
2024-04,Macro,Macro,tipo_cambio,3.71503181818182
2024-05,Macro,Macro,tipo_cambio,3.73172727272727
2024-06,Macro,Macro,tipo_cambio,3.7867052631579
2024-07,Macro,Macro,tipo_cambio,3.764135
2024-08,Macro,Macro,tipo_cambio,3.74185
2024-09,Macro,Macro,tipo_cambio,3.7689619047619
2024-10,Macro,Macro,tipo_cambio,3.75436363636364
2024-11,Macro,Macro,tipo_cambio,3.779135
2024-12,Macro,Macro,tipo_cambio,3.73553684210526
2025-01,Macro,Macro,tipo_cambio,3.74692272727273
2025-02,Macro,Macro,tipo_cambio,3.69685
2025-03,Macro,Macro,tipo_cambio,3.65248571428571
2025-04,Macro,Macro,tipo_cambio,3.70003
2025-05,Macro,Macro,tipo_cambio,3.65991428571429
2025-06,Macro,Macro,tipo_cambio,3.60219523809524
2025-07,Macro,Macro,tipo_cambio,3.556945
2025-08,Macro,Macro,tipo_cambio,3.542385
2025-09,Macro,Macro,tipo_cambio,3.50180454545455
2025-10,Macro,Macro,tipo_cambio,3.41322727272727
2025-11,Macro,Macro,tipo_cambio,3.37263
2025-12,Macro,Macro,tipo_cambio,3.36686315789474
2023-01,Macro,Macro,inflacion,8.66426700097408
2023-02,Macro,Macro,inflacion,8.64592356025242
2023-03,Macro,Macro,inflacion,8.40057400933134
2023-04,Macro,Macro,inflacion,7.9650458305066
2023-05,Macro,Macro,inflacion,7.89388564823743
2023-06,Macro,Macro,inflacion,6.46149699198863
2023-07,Macro,Macro,inflacion,5.88160145590039
2023-08,Macro,Macro,inflacion,5.57614720330122
2023-09,Macro,Macro,inflacion,5.04454594794186
2023-10,Macro,Macro,inflacion,4.34308132283159
2023-11,Macro,Macro,inflacion,3.63647512169549
2023-12,Macro,Macro,inflacion,3.23738256432406
2024-01,Macro,Macro,inflacion,3.02392174826855
2024-02,Macro,Macro,inflacion,3.29406696032184
2024-03,Macro,Macro,inflacion,3.04504592593905
2024-04,Macro,Macro,inflacion,2.42207617792805
2024-05,Macro,Macro,inflacion,2.00493835958688
2024-06,Macro,Macro,inflacion,2.28538225698791
2024-07,Macro,Macro,inflacion,2.1276637869709
2024-08,Macro,Macro,inflacion,2.03409700303861
2024-09,Macro,Macro,inflacion,1.77501053596859
2024-10,Macro,Macro,inflacion,2.00918040984485
2024-11,Macro,Macro,inflacion,2.27199072148831
2024-12,Macro,Macro,inflacion,1.96630270142824
2025-01,Macro,Macro,inflacion,1.85158283440667
2025-02,Macro,Macro,inflacion,1.4773290589483
2025-03,Macro,Macro,inflacion,1.27718026977924
2025-04,Macro,Macro,inflacion,1.65183401740204
2025-05,Macro,Macro,inflacion,1.68666289219268
2025-06,Macro,Macro,inflacion,1.69370904576716
2025-07,Macro,Macro,inflacion,1.6888009685144
2025-08,Macro,Macro,inflacion,1.10633077531991
2025-09,Macro,Macro,inflacion,1.35839342135424
2025-10,Macro,Macro,inflacion,1.35177475650182
2025-11,Macro,Macro,inflacion,1.36861256988846
2025-12,Macro,Macro,inflacion,1.50879973918667
