fecha_id,tasa_referencia,tipo_cambio,inflacion
2023-01,7.75,3.83380476190476,8.66426700097408
2023-02,7.75,3.84146,8.64592356025242
2023-03,7.75,3.77916086956522,8.40057400933134
2023-04,7.75,3.76545,7.9650458305066
2023-05,7.75,3.68866818181818,7.89388564823743
2023-06,7.75,3.65041904761905,6.46149699198863
2023-07,7.75,3.601255,5.88160145590039
2023-08,7.75,3.69776818181818,5.57614720330122
2023-09,7.5,3.73099523809524,5.04454594794186
2023-10,7.25,3.84575909090909,4.34308132283159
2023-11,7.0,3.76079523809524,3.63647512169549
2023-12,6.75,3.73394210526316,3.23738256432406
2024-01,6.5,3.74074285714286,3.02392174826855
2024-02,6.25,3.8279380952381,3.29406696032184
2024-03,6.25,3.70898947368421,3.04504592593905
2024-04,6.0,3.71503181818182,2.42207617792805
2024-05,5.75,3.73172727272727,2.00493835958688
2024-06,5.75,3.7867052631579,2.28538225698791
2024-07,5.75,3.764135,2.1276637869709
2024-08,5.5,3.74185,2.03409700303861
2024-09,5.25,3.7689619047619,1.77501053596859
2024-10,5.25,3.75436363636364,2.00918040984485
2024-11,5.0,3.779135,2.27199072148831
2024-12,5.0,3.73553684210526,1.96630270142824
2025-01,4.75,3.74692272727273,1.85158283440667
2025-02,4.75,3.69685,1.4773290589483
2025-03,4.75,3.65248571428571,1.27718026977924
2025-04,4.75,3.70003,1.65183401740204
2025-05,4.5,3.65991428571429,1.68666289219268
2025-06,4.5,3.60219523809524,1.69370904576716
2025-07,4.5,3.556945,1.6888009685144
2025-08,4.5,3.542385,1.10633077531991
2025-09,4.25,3.50180454545455,1.35839342135424
2025-10,4.25,3.41322727272727,1.35177475650182
2025-11,4.25,3.37263,1.36861256988846
2025-12,4.25,3.36686315789474,1.50879973918667
